Date,Total Employees,Absent,Employee Turnover Rate (%),Employee Engagement Score (Out of 10),Training Investment per Employee ($),Absenteeism Rate (%),Time to Fill (Days),Employee Satisfaction Index (Out of 100),Diversity and Inclusion Index (Out of 100),Performance Goals Achievement Rate (%),Internal Promotion Rate (%),Employee Net Promoter Score (eNPS),Labor Cost as Percentage of Total Revenue (%),Succession Planning Effectiveness (Out of 10),Health and Safety Incidents Rate (%),Employee Productivity Rate (Units per Employee),Retention Rate of High Performers (%)
2023-01-01 00:00:00,322,null,13.78128702,9.057515754,789.5462822,5.902549001,29,83.23139364,51.57257659,73.72636323,28.90947392,42.73544095,32.75316905,6.62411217,0.384673426,52.23537224,93.66126053,
2023-01-02 00:00:00,379,null,14.61998165,8.388032234,1627.324239,9.389709039,17,64.21168219,83.07469263,53.25060555,0.134420056,46.06859802,34.83186146,7.731455461,7.667738644,159.5685951,88.5328288,
2023-01-03 00:00:00,452,null,8.037662314,9.953016234,1418.141399,11.95191069,19,55.72239496,92.02811189,54.06165035,4.307853445,22.61397667,20.59866536,9.387048473,8.651515557,188.4278985,93.17625542,
2023-01-04 00:00:00,495,null,18.13400573,7.872536596,1755.518657,7.874690857,15,73.42792504,83.55502031,51.94791017,16.60454006,-69.51281216,24.19803644,6.902613061,5.79388791,170.3535493,80.0339643,
2023-01-05 00:00:00,289,null,6.011267183,8.358593959,731.6824326,2.765808856,36,67.33604782,51.09039453,93.41832754,8.519055393,42.71297924,27.34073259,9.694338867,3.552562984,60.03839864,71.23045483,
2023-01-06 00:00:00,445,null,18.65852331,8.766700452,1042.057365,9.686070532,15,63.90036655,95.7211801,65.10569016,29.77271335,-16.30442629,17.55284404,9.277130587,3.46873737,135.2336168,84.58564084,
2023-01-07 00:00:00,461,1,11.84191639,5.085484515,1024.959294,6.737700348,20,75.12938314,70.87063447,93.23733581,9.925661449,88.82316923,26.74453624,7.020609138,6.269816963,110.1740494,92.16350354,
2023-01-08 00:00:00,465,null,15.37638095,5.277818198,595.4765568,11.58617887,28,66.04514803,66.32504351,99.84554517,8.363813196,-45.10153679,29.35289161,5.094238195,5.665523652,124.2965315,70.96710204,
2023-01-09 00:00:00,274,null,15.38395442,5.57506372,1612.14152,9.415595401,47,80.00921825,88.81636436,57.21978744,18.47304436,89.76310358,35.89109523,7.636817085,1.958021258,123.3987105,91.33021707,
2023-01-10 00:00:00,300,null,1.293106453,6.929784277,1191.148601,14.19353019,28,66.42238049,71.93625904,50.4700979,9.52906162,-69.28866583,32.31538674,7.115156332,5.200531216,79.00071174,92.57677011,
2023-01-11 00:00:00,147,null,11.98175776,5.917340347,1937.50563,2.117354671,44,55.19784458,56.64930134,91.94455121,4.332235259,-66.31792673,17.95555731,6.962490603,8.83258679,141.3153167,95.85294386,
2023-01-12 00:00:00,264,null,18.1372422,7.888107252,668.4292421,13.83617457,58,76.34120033,90.83289109,79.57477092,17.47436959,66.7446359,29.11386258,5.645492935,8.869376452,164.432273,82.96418665,
2023-01-13 00:00:00,386,null,11.47831769,6.129950538,1842.311508,3.179798714,24,98.8443793,85.75893006,94.99285971,24.41683946,76.57483711,12.30789696,6.160682723,4.183821757,52.24666598,93.18873959,
2023-01-14 00:00:00,371,null,2.290560949,8.123793289,1304.551507,5.441903501,20,59.596058,86.76871599,79.63987485,20.91605922,-60.82334991,35.41416978,9.912549944,9.669585953,127.4057856,72.74377943,
2023-01-15 00:00:00,351,null,16.33553787,5.189562862,964.9083353,6.31454655,29,82.84659265,52.99426086,87.16383788,1.051603067,34.56289781,32.86548822,7.500545798,1.766082161,68.69992452,88.92827018,
2023-01-16 00:00:00,148,1,17.96587604,8.348431807,1954.814659,5.687276363,17,60.18573501,60.77948593,51.3727918,26.06054463,-12.17521728,28.99913038,7.63882002,0.768603181,116.5088699,91.77357844,
2023-01-17 00:00:00,370,1,8.854357684,6.721592813,715.5563816,1.120984762,59,65.38611103,83.3077983,70.68525979,5.580299283,88.84285836,37.06274906,7.852749737,9.973216973,80.88728043,79.21360797,
2023-01-18 00:00:00,274,null,8.085170362,9.50207474,532.3027534,12.16312419,53,59.03424004,78.45340533,96.5249704,4.804201476,-87.80358213,31.82362043,6.084664261,2.246860565,50.40814636,85.48989962,
2023-01-19 00:00:00,299,null,13.94911472,8.593625244,1907.628091,1.872189611,20,50.31946831,81.36768488,75.69063372,4.584188045,61.46106091,19.4221465,9.731135077,9.510759627,139.7934319,85.61625409,
2023-01-20 00:00:00,235,null,7.865095833,7.717013479,958.9036247,14.36181695,36,78.77531556,50.93775099,58.63000964,20.91791052,3.924967887,19.44504103,8.353038603,3.061745352,102.1972806,80.25259567,
2023-01-21 00:00:00,241,null,5.531571289,8.363874796,516.9897846,6.99353248,47,84.32779605,66.00031196,55.73946508,24.05231584,-69.03642588,17.05681731,5.294058636,0.838146199,125.9775311,86.84864509,
2023-01-22 00:00:00,344,null,13.11192363,6.082290601,1106.664709,12.44394042,43,58.72147596,65.36274408,72.84450401,14.07886316,-25.31415834,10.41470186,8.02446423,7.084259435,81.88112593,93.45531776,
2023-01-23 00:00:00,415,null,11.43006698,6.950806775,1088.799093,7.914804362,54,56.38331378,73.25485411,82.49268952,11.58259227,17.55770966,34.66279592,5.002931424,1.473289981,176.661615,81.37302104,
2023-01-24 00:00:00,186,null,8.95596962,6.736436757,526.7112492,6.654711246,18,78.95204624,87.9830794,66.29241961,7.256271647,-78.36091449,23.14691421,5.621426884,1.979531818,73.59684275,98.39313769,
2023-01-25 00:00:00,289,null,2.54033665,9.659559093,1244.940793,1.959940168,31,55.96430628,59.91585827,79.424024,14.08542981,60.17190593,21.19815854,8.466052212,9.462059013,59.27625818,86.21003619,
2023-01-26 00:00:00,468,null,8.443006704,6.981970633,1270.369391,3.901733975,16,56.39926743,74.53795668,65.1342444,3.938845671,-73.0316485,24.27284966,7.300340116,9.849323496,117.6948373,94.30112064,
2023-01-27 00:00:00,490,null,3.849128072,6.800113887,1074.012906,6.482539565,28,50.68973093,71.86282357,98.00739501,12.654558,1.363283476,34.41289347,8.793992572,5.80381582,150.1241855,96.97327499,
2023-01-28 00:00:00,442,null,9.794387156,5.888784542,1417.182158,7.451239345,22,79.46889567,69.38313035,59.28625727,1.14990347,98.3978264,14.2374143,8.276045445,7.340347104,119.4953449,79.88344833,
2023-01-29 00:00:00,416,2,11.84086401,6.049157204,676.7998145,4.438406475,29,57.40323337,99.9020694,86.75939941,8.396910232,85.02946582,16.25082632,9.658169502,6.416687738,156.9698423,77.60606562,
2023-01-30 00:00:00,301,null,12.995361,7.643948556,1518.796305,14.39402127,16,76.69267401,85.54097086,94.37160374,0.503902706,-30.51389531,28.43226582,5.210165284,9.311156441,144.0336451,94.73235822,
2023-01-31 00:00:00,133,null,8.709456455,6.632003436,784.8466945,5.157781439,59,62.70680695,89.59145308,80.41787946,17.48522821,-97.44192257,29.99331575,6.604657294,9.696237723,51.5367651,85.00317576,
2023-02-01 00:00:00,126,null,1.427809128,6.466094803,1937.486883,1.208767524,57,84.7426989,91.19623601,69.27193455,1.96481174,79.80181407,11.49004374,5.099170818,1.381579351,156.1952255,77.37172641,
2023-02-02 00:00:00,361,null,15.58317949,6.301325864,1682.269982,14.92872513,14,53.61248964,88.3945655,95.5891236,26.69983351,74.22425338,35.9303243,9.079510013,1.644869253,67.88895266,77.94858933,
2023-02-03 00:00:00,353,null,17.67476582,8.829634992,1821.588312,13.83282119,20,88.699027,63.25375746,59.83507267,6.467773086,-56.20348938,22.27174917,8.29270841,7.795736865,179.3942917,84.85512799,
2023-02-04 00:00:00,253,null,1.109649634,6.951798221,1536.408416,13.25650995,11,72.88228108,52.75672062,67.74608321,17.81264328,-13.36265576,15.30745966,9.022847112,1.118198891,56.61841603,81.28661492,
2023-02-05 00:00:00,456,null,10.37352016,7.664859195,824.8688013,5.77836312,16,60.6977573,65.09031399,93.74085238,29.6248766,-2.870837201,29.09136622,9.003992165,5.519318884,199.327122,88.54065722,
2023-02-06 00:00:00,275,null,0.698333185,9.189713689,1809.021595,5.938348803,17,88.34699577,88.49800209,94.44451642,14.967434,-7.484515082,31.61160003,6.221107386,7.398587896,171.3458921,92.87113609,
2023-02-07 00:00:00,316,2,9.691887714,9.767663998,1453.330999,10.05681987,34,95.03597373,70.65298129,98.21950945,28.43429994,-59.67156153,23.97113632,5.923701731,1.166693819,191.2086899,72.84587405,
2023-02-08 00:00:00,484,null,5.872907404,8.465068865,996.6344983,1.471689701,58,60.22179432,73.11208719,99.67623435,20.57158232,-61.94537235,18.02902386,6.388796328,9.544708376,142.7443447,79.73087803,
2023-02-09 00:00:00,242,null,1.892265588,5.173695419,850.3035114,9.047417495,19,91.01959599,73.0281298,53.8291727,6.358664387,-10.2874711,39.11390182,6.687823694,7.474892881,76.02488023,84.70880358,
2023-02-10 00:00:00,218,null,0.395237875,5.752223555,697.4865271,9.119278952,57,64.23501494,94.27605804,76.86987567,13.65205495,-28.52617901,13.67525838,8.269217329,3.924276595,66.20920308,94.62990844,
2023-02-11 00:00:00,130,null,4.025259513,8.509338021,1697.76708,2.918673727,53,62.63171043,79.7817448,55.71197385,4.174004138,-88.18613803,38.34028602,6.283137164,0.442064338,149.70256,98.73181947,
2023-02-12 00:00:00,130,null,16.27194544,9.642086716,853.5059287,5.127333924,39,73.64168275,69.62063703,52.32322282,7.258932,-61.43129747,28.18208172,7.959485637,8.392551375,74.95966264,75.61561598,
2023-02-13 00:00:00,192,null,11.1158186,6.68843665,640.33387,9.30947228,26,87.47695698,51.90083908,56.33450244,10.90258417,-12.30749926,26.02548736,5.944308922,4.085303414,193.2051303,88.38236015,
2023-02-14 00:00:00,220,null,14.2619364,5.211891791,1440.525036,12.92259552,46,62.88728883,78.86781792,67.54943928,16.57261421,-26.93551416,13.59979285,9.101216292,6.685517948,80.93431183,71.18549136,
2023-02-15 00:00:00,345,null,9.094671046,8.889282158,692.9631253,14.51826768,43,70.53813573,83.38167802,70.73603451,24.50966345,-98.36988784,16.45827971,5.965599926,0.194836578,157.3930168,97.99194558,
2023-02-16 00:00:00,337,1,5.243513307,7.655059854,857.1957476,2.602955994,28,71.63147113,91.81555276,65.00687777,13.74702825,-97.84951951,38.67302978,9.625447983,3.876281246,99.47432643,83.47449377,
2023-02-17 00:00:00,110,null,16.9510959,5.568917688,1300.76624,3.482157162,42,59.34611013,53.90624929,82.46390953,14.18258626,-43.56070752,15.42929343,6.896370133,4.148411418,146.272095,86.09526847,
2023-02-18 00:00:00,185,null,15.78087421,7.385874173,1676.434978,8.010599373,38,72.71864556,74.09916973,86.47178481,8.810209078,59.03660727,27.65860592,5.587956475,9.811676914,113.8713998,79.29398613,
2023-02-19 00:00:00,469,null,13.9600993,9.630704365,1537.167503,12.69432556,54,76.86275756,73.35588986,65.70494959,24.42889079,-13.38457509,19.72281355,5.260259343,8.752836244,137.262454,99.74113842,
2023-02-20 00:00:00,110,null,7.864079897,7.735269047,1788.764822,6.188611702,23,55.21406618,70.38795413,96.6277154,16.33639827,-85.24511008,22.17731118,8.013561025,7.657867151,178.4753246,77.47961938,
2023-02-21 00:00:00,151,null,18.08594582,6.997975802,1392.489509,1.710775578,16,99.63252868,55.89583513,70.06219978,16.22285536,50.49008593,13.37021812,9.263923396,3.248805068,104.6056504,89.61648974,
2023-02-22 00:00:00,440,null,13.12730192,5.75605221,672.6181298,0.058202356,58,56.2053906,95.71576733,86.52101895,5.884670228,-18.18118667,31.95816325,8.245922899,3.070834919,189.0879091,79.63783155,
2023-02-23 00:00:00,125,2,0.356796789,6.761503273,1298.136907,11.88130026,26,50.10499131,58.78606387,54.74552174,14.39896598,72.82412296,37.44919568,9.846159758,9.732627322,69.25261775,97.3281946,
2023-02-24 00:00:00,132,null,13.16396225,6.878793692,1462.72349,8.774238744,25,92.67451519,55.17216453,54.778021,0.353350162,-96.13403302,26.64452706,9.023666964,3.1427746,92.7814122,80.51871716,
2023-02-25 00:00:00,144,null,3.023097654,8.789104273,1818.996522,0.169931919,21,85.89164927,78.54083328,68.99427596,8.858766131,-62.66396972,18.31508725,5.328061401,9.637948464,153.7553828,71.09880533,
2023-02-26 00:00:00,470,null,8.630090872,6.417338092,1781.109297,8.039897577,53,51.99000783,53.6996549,52.52029286,25.63240011,99.28381638,17.58579316,8.940417782,1.31178961,114.9870966,95.55165887,
2023-02-27 00:00:00,371,null,18.66232039,7.413117277,1866.067412,2.909784951,59,95.86023523,73.04722291,67.01851661,13.56094187,-24.06897272,17.60737032,6.705569133,8.900085592,158.8837609,86.36769279,
2023-02-28 00:00:00,225,null,9.147644419,9.70557909,1525.859251,11.66559298,20,90.51728062,77.80935702,90.55383321,21.02286626,24.65367222,27.25256081,8.102514941,3.268283775,184.5346971,85.83646946,
2023-03-01 00:00:00,138,null,11.46764557,5.388905541,1363.681104,6.293397422,16,51.87368575,70.70980341,72.29225488,26.06529788,11.43283094,20.07780522,8.80905059,6.148848424,183.9910944,73.14115421,
2023-03-02 00:00:00,302,3,3.74580034,7.400662768,1271.964815,5.528050529,17,99.65901698,55.61119536,86.64280698,20.50481773,42.76771717,27.63559307,9.032747362,9.547741247,177.1982611,96.88167298,
2023-03-03 00:00:00,198,null,19.52637318,8.019314016,1896.965554,12.20022103,30,98.29833762,83.84717668,66.7183987,11.04130478,-19.74770321,33.86075777,7.213118865,5.525274299,56.6407732,95.35735988,
2023-03-04 00:00:00,123,null,17.89832287,7.424364212,1559.33214,11.56942831,12,88.25162775,80.56716457,99.74379009,26.58773798,-62.7510845,25.541023,7.83574972,4.738348616,97.20086576,96.24694427,
2023-03-05 00:00:00,144,null,18.32642816,9.566514348,594.3607929,12.8086599,16,81.4431651,50.48644066,65.11409183,22.99959067,96.87169317,16.30894035,9.743125479,7.82041581,194.7565439,71.5768245,
2023-03-06 00:00:00,185,null,3.292041636,8.700171803,1642.622027,1.732412376,17,57.16269141,62.71950837,51.20372322,1.289800327,28.895907,23.34669987,6.857940253,2.656467251,87.79485289,92.92751822,
2023-03-07 00:00:00,131,null,12.02212462,5.630551193,1462.59867,13.02593385,53,58.01822892,58.31113369,86.24176621,27.08305321,-86.03329402,13.86443927,8.17906474,7.954587672,135.4647802,82.11107346,
2023-03-08 00:00:00,147,2,2.195583311,7.267753908,1830.496344,1.793607296,10,95.19453524,81.4236615,78.94731494,5.272713824,1.909353378,33.31663668,5.428563339,6.27954834,125.127475,76.17051832,
2023-04-11 00:00:00,142,null,3.23477815,8.878573231,1483.418426,5.188612289,39,77.05529613,79.73792115,70.43979083,26.38740118,48.4474733,20.58986756,7.971064408,5.683072576,138.2906352,80.83333244,
2023-04-12 00:00:00,359,null,18.50749666,8.887627631,1165.737659,11.5763411,37,71.87678322,73.8873133,94.08148396,1.182592908,29.2182645,29.12642015,6.882261618,5.719821326,122.5677516,71.48488463,
2023-07-20 00:00:00,138,3,4.33783099,6.933814901,1456.056276,6.955712195,51,52.57998733,61.07633893,83.88380743,17.84361453,-99.30872414,24.45433321,8.829667499,7.476194437,134.2547711,77.26749106,
2023-07-21 00:00:00,345,null,13.51958914,9.183101632,1456.683329,6.27009433,28,52.71763642,78.72977329,56.83126518,5.979533394,-39.6779761,24.10380052,9.810858273,1.529364327,103.5546579,99.4594478,
2023-10-28 00:00:00,262,null,3.243091995,9.40746025,781.7894647,1.277248284,23,98.58098659,53.12400543,51.43049223,9.484599939,-94.64372557,32.66663306,8.366831954,0.212105092,99.19911923,92.09754724,
2023-03-09 00:00:00,248,null,12.89510489,6.158706789,543.5590791,6.348333738,44,75.01042927,91.72936027,57.67577351,9.530162227,43.73637237,15.31375373,8.865312961,5.760000636,98.10152753,70.26224034,
2023-06-19 00:00:00,494,null,1.335127749,7.090417216,1214.810697,2.016260636,22,79.30263059,90.75073709,90.96368696,29.31524084,-13.4892053,20.16404628,6.249256114,6.551197665,103.910504,95.52451523,
2023-09-29 00:00:00,428,null,12.33942666,9.401878669,1198.073888,4.875897635,57,61.36772834,67.34614837,83.78983059,19.28882276,-27.96576633,12.91907335,6.145272589,2.25924882,161.6226425,79.93857242,
2023-03-10 00:00:00,144,null,10.30120474,8.310199739,964.6209075,7.168187451,26,73.14431632,55.84813806,61.77200747,25.09327026,-43.34406006,38.31103765,8.266332522,0.512964542,60.95649729,75.66408364,
2023-06-21 00:00:00,394,null,13.74594746,5.232087414,998.5620502,10.13485711,33,94.64391969,99.7326786,65.56068782,3.104836495,82.30629024,16.97801932,6.295282503,3.344070268,178.0816499,93.87318988,
2023-10-02 00:00:00,134,null,19.06279618,7.433607069,1703.690304,11.50246175,37,64.03767423,71.60914451,82.43394733,29.46959425,13.86027595,20.07661246,9.958035429,5.609902827,152.7838627,87.01668388,
2023-03-11 00:00:00,104,null,4.944879193,7.355484597,1955.246471,1.353287809,25,63.91285223,82.93300083,66.65272919,0.479804913,-24.23701458,34.6275623,6.385006955,4.839090402,93.00890788,95.80060124,
2023-06-23 00:00:00,111,null,2.248803987,7.856062714,775.550522,12.85971693,15,88.9059045,82.05937368,90.65901459,4.355432992,-50.7567409,30.48803391,5.937126697,8.166962945,183.8995493,83.00774881,
2023-06-24 00:00:00,365,null,0.608659831,5.456356265,1199.244934,12.83263928,27,50.04213872,69.83304678,70.80198573,23.74587789,5.531892856,28.84902414,6.430892895,0.396559401,127.0227687,92.97626183,
2023-10-05 00:00:00,104,null,5.344746491,8.600495079,950.0905255,10.86134828,43,66.13397341,64.23927239,82.97345383,20.1798297,30.93565463,37.7223034,9.391201724,9.205688818,54.52235197,88.23273244,
2023-10-06 00:00:00,198,null,14.30532397,5.752975778,1204.131402,4.684392371,23,62.38066789,54.70070953,55.68963009,27.86439362,-94.42554095,11.88006555,7.314252037,6.165030395,168.9378819,85.50212913,
2023-03-12 00:00:00,450,null,7.916565913,7.079346015,1917.756931,7.505504285,24,73.69139554,56.87943743,61.15243933,2.646147808,-28.51839999,19.37149266,6.639827884,4.316640797,172.5320206,74.57653421,
2023-03-13 00:00:00,418,null,4.808303452,5.811361504,1105.35447,11.83691059,44,78.75573125,78.65680061,64.24725588,1.232108693,-35.50401481,29.67071217,6.455970921,1.960378796,115.3541168,81.77391322,
2023-06-26 00:00:00,372,null,15.52120082,7.599405943,1178.36261,2.21253759,46,98.87337928,89.67121382,92.70530376,23.9263024,40.52453291,23.9564074,8.75340143,4.076808505,141.1945194,80.94701324,
2023-06-27 00:00:00,302,null,13.06157447,6.846051591,1431.094912,0.109945731,19,92.11577139,87.96630325,95.05897812,0.845490735,-43.34673891,23.88852566,6.755390742,4.10911961,72.02968688,83.77846748,
2023-10-10 00:00:00,268,null,2.293964739,7.742424884,1474.165207,11.83152515,57,89.0137916,93.06028291,90.97993443,5.983075509,-96.95114746,38.08527219,8.782461412,7.327882795,122.3510977,99.82639285,
2023-10-11 00:00:00,389,null,7.837675471,9.047862818,1060.295147,9.546408506,40,50.51017532,79.06258301,52.33202815,26.14573022,33.02813167,34.16288687,6.909065475,0.103594689,123.5036311,93.81412187,
2023-03-14 00:00:00,379,null,4.658148227,8.860941188,1240.973379,3.598659268,46,73.69475922,92.76228134,99.96864825,29.31998884,86.49210109,22.3468205,9.902610631,3.981535386,63.75145512,79.70316709,
2023-03-15 00:00:00,349,2,19.10683769,9.943551465,1067.906355,14.57690603,58,64.20355676,82.25018481,97.73371651,14.20793671,68.16952456,20.13257498,9.624156408,3.794271705,132.7009304,87.96540539,
2023-06-30 00:00:00,391,null,16.71907193,7.831599281,1076.833731,11.46396926,33,74.66888431,93.08086564,55.98746787,25.96635946,-16.15632289,27.7288345,7.474686259,3.509802924,95.46249377,71.30456026,
2023-07-01 00:00:00,394,null,5.514028431,8.525873923,1522.16599,14.23545191,17,71.6606006,89.5375198,76.18633198,6.46381087,91.57905391,13.82811582,8.815869256,4.6757913,173.1110907,77.93742138,
2023-10-16 00:00:00,120,null,14.59722847,7.926330699,1438.087159,10.23897237,50,81.09775976,84.72954063,66.23378098,13.76065079,63.07583194,39.4389464,7.320941215,4.768544616,126.456288,95.94613481,
2023-10-17 00:00:00,316,null,3.252152023,6.371939787,788.1754466,11.48739452,26,95.01636768,60.03433789,61.32141046,6.621977181,-6.64831657,30.53684548,6.17691687,3.682634198,184.891265,97.76499246,
2023-03-16 00:00:00,264,null,10.80750664,7.992426797,529.3308536,7.79663195,49,59.06819781,60.65097481,71.67764918,25.3880363,-30.11242976,31.41545409,8.241783096,2.141880679,159.5856781,92.61870647,
2023-03-17 00:00:00,292,null,14.54060658,5.142349865,1005.148978,11.8261306,33,80.397187,62.71980244,53.8691096,15.31215926,7.747466256,31.54306847,7.105463956,2.964796899,149.0308653,90.38365948,
2023-07-04 00:00:00,492,null,8.627066287,5.160600196,1237.943417,1.274119833,47,54.84003125,54.81607654,97.56042998,24.43176889,7.097854196,19.44491927,9.399792288,2.421535509,174.6831164,73.3846696,
2023-07-05 00:00:00,363,null,5.6422015,9.632753819,988.735951,6.767601817,50,98.30240097,61.27349591,95.30539049,5.704227262,-81.20715329,28.61070205,7.547864999,3.277278585,68.63871293,79.72514269,
2023-10-22 00:00:00,171,null,16.97559934,6.203267715,1781.620378,3.973121607,17,86.02758158,66.39060033,57.47896459,18.13022038,-86.68434454,30.76870794,9.07701485,6.900823423,80.41932101,78.05250756,
2023-10-23 00:00:00,470,null,15.450303,5.96356289,1322.957601,10.27125427,20,80.2497796,60.48828904,68.23204338,3.383874714,-31.92766568,13.84059903,7.654627062,9.955585814,172.3609687,76.95500368,
2023-03-18 00:00:00,386,null,4.214126118,6.235658499,1708.845462,12.58432535,59,73.19004747,53.46209854,79.11144375,15.69669354,-31.19514212,19.91277423,8.566882778,7.961280497,193.9803197,82.16613064,
2023-03-19 00:00:00,354,null,3.051983332,7.388922968,988.5901393,2.425065419,41,64.73634209,60.23471972,60.09743131,29.75134627,-75.4519283,33.52490568,7.567604713,5.536351212,95.46677644,89.14080064,
2023-07-08 00:00:00,339,null,0.868766905,8.268094443,1925.213298,10.78675879,18,50.97384613,65.78674736,63.96157874,22.34838209,-5.950342414,32.47799778,5.6865427,3.164312643,67.33531446,77.69537826,
2023-07-09 00:00:00,496,null,5.907043839,9.283681156,1483.469454,12.41232588,41,94.3340537,78.25844094,99.38964223,17.32855783,80.35883175,27.19564803,6.549991334,0.751281781,164.6047544,87.44499968,
2023-10-29 00:00:00,450,null,8.085444821,7.207481741,1231.3254,14.68845574,24,64.57290184,65.04425341,86.30021442,2.271462295,60.63899498,15.3723772,7.483756636,0.942168646,62.70596891,91.03120205,
2023-10-30 00:00:00,150,null,9.357482164,6.940078533,1748.749873,12.07796672,21,93.40178506,53.86312377,92.07351216,19.21137523,-62.32221256,24.34804164,5.431217074,0.189332659,133.0455214,75.18735022,
2023-03-20 00:00:00,219,null,9.937643355,9.728222852,1449.640572,3.144132314,18,94.96132133,57.16385638,54.88242994,29.88855582,-16.52292063,27.55169668,7.231055145,1.204232222,105.7760968,72.32794906,
2023-07-12 00:00:00,104,null,15.27688511,7.168123584,1329.518513,12.43825596,41,51.83368186,79.92955513,78.63706615,0.988722329,74.62550253,15.06577775,8.410556211,6.691738318,104.2452612,92.93399703,
2023-11-04 00:00:00,287,null,17.68345322,6.010409408,1652.238257,10.57139694,50,69.07191781,86.11285419,80.39256906,29.4216269,-6.480879141,14.81530717,6.173904636,1.655092134,199.1130938,87.68030173,
2023-03-21 00:00:00,417,null,19.61101657,5.036549327,548.4486172,3.293493123,27,67.17107675,59.30292388,65.37222169,25.1976492,88.70222186,16.87129493,7.547269218,3.126984388,110.2847277,81.22719154,
2023-07-14 00:00:00,343,null,7.514712563,5.438440595,1144.683886,8.14547306,26,72.60447628,72.93202542,53.65052943,7.506394969,-44.25507065,19.98908993,8.717587638,5.738279721,167.5153353,99.35022153,
2023-11-07 00:00:00,136,null,6.380590375,5.656944303,1428.228229,9.615417499,25,57.03162647,76.91917112,84.56456454,5.804004642,29.1940851,23.99327799,5.242283972,1.567833363,76.50450776,84.90066745,
2023-03-22 00:00:00,483,null,6.804332138,9.374523996,1297.788878,4.226351161,19,99.49541978,63.20552887,64.31050231,19.30981896,-99.32635754,23.21080659,6.850353525,7.647893916,131.236198,71.99960183,
2023-07-16 00:00:00,495,null,3.668669695,8.111351008,1255.452455,13.49799043,57,95.94454732,74.3503725,53.45245333,5.589658249,-30.57532748,13.17629407,5.166630961,6.7554899,185.7247267,82.67626993,
2023-11-10 00:00:00,487,null,9.063488068,5.126292832,922.7802347,6.302118091,15,62.22202629,58.34976309,81.91504923,21.8988338,57.38570798,18.87461635,8.743121536,8.796228111,104.216579,81.36904171,
2023-03-23 00:00:00,353,null,12.77283272,6.040673872,669.7083517,8.221343571,22,87.23309818,75.73804843,82.29666253,9.135498586,72.91016355,20.57727544,6.742583115,2.657805574,60.1428939,81.51057902,
2023-07-18 00:00:00,266,null,5.394349634,5.01149329,635.6300374,10.2691502,30,55.84309238,73.38579602,93.78572332,14.93893174,-8.265266627,33.03339214,9.048945361,4.088385817,52.34133337,72.59472874,
2023-11-13 00:00:00,117,null,15.11486667,5.065543572,1533.110079,7.459402352,44,99.79499897,74.79916985,71.44632197,0.000371914,-33.57394569,24.12036529,6.769931852,1.162916434,150.6508746,92.26997539,
2023-11-14 00:00:00,457,null,0.172019772,9.671096941,625.1817236,6.91244879,26,77.42152747,59.45577671,60.73027797,20.43213766,66.33155807,12.65546792,9.611440037,1.185433072,63.44175543,82.05639951,
2023-03-24 00:00:00,388,null,17.77560822,9.818460563,1249.801613,9.313595167,17,77.13055973,79.78603142,78.79414345,0.973603466,-53.81067254,22.80403811,8.037455366,6.501566062,119.9559452,78.49375984,
2023-03-25 00:00:00,268,null,4.172494737,8.485881504,1737.303372,3.911013019,56,63.69594157,86.86494531,97.86364963,25.78357551,5.602401361,28.31381398,9.710339322,0.31528609,61.82386387,76.01205443,
2023-07-22 00:00:00,299,null,4.347941092,7.530806393,1932.719032,6.911319932,16,69.05573263,96.65734182,60.30539254,5.497423075,-75.62209986,27.08138934,6.068162509,8.061264403,92.96718176,76.91794991,
2023-07-23 00:00:00,429,null,6.106616735,6.575985467,681.3973774,13.92225306,26,96.60277245,99.5618669,51.56976838,16.32825281,-55.2712429,23.52484149,5.559608193,5.703951317,187.8814115,92.64692586,
2023-11-17 00:00:00,489,null,1.962809051,7.251357492,583.690837,13.2586183,52,94.47759071,74.51569616,53.45683314,14.19828622,-16.54250149,30.59469227,9.649389223,1.976390584,151.4800134,98.07087275,
2023-11-18 00:00:00,434,null,16.91180694,9.313446982,1985.53321,13.27257793,48,94.11517503,61.70467984,59.14172268,19.91196397,35.58415876,28.886077,7.670516022,5.448564723,190.0711029,70.15074167,
2023-03-26 00:00:00,262,4,9.99871027,9.433043277,1250.583806,12.13483753,22,97.45730395,87.94523708,55.09290984,19.31986621,3.427763466,24.51485531,7.312104532,6.532717529,97.22491617,75.57514768,
2023-03-27 00:00:00,474,null,17.1435927,9.147507752,793.2474693,14.44566973,41,50.43877524,97.87252083,75.50347082,14.05436241,-83.12224705,37.15593467,5.827951026,4.309004832,109.3045695,76.95022308,
2023-07-26 00:00:00,329,null,12.30381855,7.245526542,1484.984381,2.470554793,11,51.66344777,66.83159169,74.62733903,20.69059561,85.89748011,24.66052382,9.911677567,9.543486758,146.0230061,79.71190376,
2023-07-27 00:00:00,212,null,14.98684883,6.122663903,643.7193843,7.9574122,54,74.42209126,58.60581275,66.25165618,7.401092526,-25.63338903,14.56416754,6.575025374,0.277070052,164.8624714,85.22507777,
2023-11-23 00:00:00,465,null,17.38878687,6.3940326,728.385805,12.47780773,24,65.62567529,94.3299817,54.4596751,10.34906673,59.39752183,11.78038569,8.054672331,5.340491152,83.6974752,77.95603168,
2023-11-24 00:00:00,351,null,3.324510413,7.685123757,1493.15975,7.137863615,13,80.91465004,96.60883564,83.49122777,3.839381222,-42.36859705,39.88593628,7.578673431,1.69606562,129.3191927,85.58972101,
2023-03-28 00:00:00,393,null,18.86437115,5.625442508,874.6030684,9.648704856,59,98.86348903,87.05513588,83.99923626,7.401846275,8.865925994,30.6964279,8.668203594,7.75067291,81.2163147,93.08318155,
2023-03-29 00:00:00,263,null,17.4205615,6.83342583,1162.937501,3.213785445,47,64.3692214,93.91278191,58.44903276,12.23720178,-18.13415417,14.2668184,7.581163527,4.71181393,130.6182063,82.32481584,
2023-07-30 00:00:00,320,null,2.344309153,8.070647615,744.9446466,12.28785341,24,72.21341342,93.13993525,58.58370771,20.57974214,68.09174607,19.99245138,7.002324991,1.773520426,162.1120254,75.14900906,
2023-07-31 00:00:00,366,null,11.68323929,6.505406291,1908.147886,10.00089243,28,95.32695644,81.39177587,94.85834506,3.162384893,36.76072308,23.81862185,8.629859003,0.364875075,69.01436741,89.78154007,
2023-11-29 00:00:00,308,null,10.94144471,9.741219688,719.752081,0.396648325,15,69.56782475,64.4615156,64.64583739,22.69306825,40.40927499,34.6744579,5.486375351,0.463301987,179.1911005,73.36363214,
2023-11-30 00:00:00,425,null,6.185989153,6.539929224,1597.320407,11.137388,25,88.15136232,58.96324265,90.40480964,0.508736045,-77.91619426,27.634891,8.746318298,6.491255701,100.1026676,84.00917579,
2023-03-30 00:00:00,160,null,9.733424021,5.954551417,1933.886822,5.214095844,14,93.25152475,74.59841995,92.91774688,19.93803576,-92.79455141,36.85362495,6.546315847,0.155887292,185.2243947,85.94625012,
2023-08-03 00:00:00,405,null,5.328910454,5.601768439,1285.543617,2.341750292,22,89.19948734,78.94338825,50.19017404,19.24698486,-57.55680335,38.66538776,5.228956484,6.582528313,83.86864511,71.21350532,
2023-08-04 00:00:00,489,null,5.79488047,6.141209252,1055.371671,13.68433559,11,60.8198269,90.33674585,60.54079788,6.823852731,19.43280086,14.58088274,9.498263084,6.401096289,192.1786845,90.88292112,
2023-12-05 00:00:00,474,null,16.22789714,9.356243957,1280.217108,2.228771687,37,50.22318325,64.85171076,58.27327845,25.61576613,26.55844768,23.96022302,7.532382598,7.783253918,165.5992268,75.90900752,
2023-12-06 00:00:00,257,null,9.61998095,7.868126631,1083.942761,7.230377791,23,60.28370304,70.43142895,70.06303054,23.03907319,-42.74518862,22.09070551,8.340056926,6.27483349,131.6868805,85.49428143,
2023-03-31 00:00:00,100,null,18.71332056,7.341328682,624.8576521,7.756467923,10,74.11870659,81.19698413,74.31743066,13.74487829,-82.85999406,39.86444855,6.053064738,1.813436419,195.6989441,75.03466339,
2023-08-06 00:00:00,342,null,3.5135769,6.826119867,1369.515262,5.024384148,37,88.82572211,65.37480432,92.51931796,10.51404963,79.9233849,25.1261991,7.314617334,1.45520751,104.1006398,72.16306432,
2023-08-07 00:00:00,291,null,14.29837622,5.040615668,1201.956984,12.30290072,32,95.63584797,61.99710547,94.32506951,28.32224875,-22.17945074,19.11505537,8.563882533,1.521603854,135.9929257,75.0765946,
2023-12-10 00:00:00,300,null,18.6706024,9.756693838,738.69402,12.68535449,11,98.32178561,50.61598218,64.37722457,21.1422402,85.23559593,32.67525609,8.863550626,6.535943593,71.08052165,87.12169175,
2023-04-01 00:00:00,381,null,16.05639246,9.472052564,1783.357576,12.89214244,23,60.06309417,68.06203033,67.37828246,12.39311999,-90.06488295,15.98271963,6.125194777,2.445521604,171.8177534,83.0093877,
2023-08-09 00:00:00,231,2,7.459904906,7.721174254,704.5811768,1.235380719,35,93.13016262,78.01106888,51.36137452,12.0674203,6.351709641,39.33942637,6.499452124,3.140431961,150.6347234,86.07735844,
2023-12-14 00:00:00,267,null,10.20483827,7.939401409,942.6035428,2.015214127,24,88.60198675,86.10892902,92.77737254,29.2805996,82.03129622,13.15098924,6.636140153,0.977653995,97.15384318,88.85008693,
2023-04-02 00:00:00,349,null,8.733300271,6.63697692,1177.425633,7.528643252,42,92.29768271,80.33998355,62.61587144,20.68897504,23.35863721,29.74354354,9.209246926,7.670599625,158.4855521,94.60966773,
2023-08-11 00:00:00,237,null,11.41942577,6.991807202,1662.623899,6.169093565,57,67.34023074,84.53578151,52.31318793,8.538971989,38.77354328,14.20758282,9.499833535,2.221336752,151.4038413,79.0162671,
2023-12-17 00:00:00,431,null,3.105356843,7.664506772,1176.773174,5.900581202,23,54.19289537,83.21603214,75.2151859,20.88374641,82.36698066,28.88149218,5.686920755,2.684547674,85.95036845,70.36761609,
2023-04-03 00:00:00,165,5,14.46490731,7.266595069,1395.117703,11.41049793,24,90.20172518,94.39110112,82.40748947,29.28563767,-66.59763905,19.37880335,6.491197979,6.223101732,171.4274391,75.16249739,
2023-08-13 00:00:00,332,null,4.768532059,7.556440635,1693.223269,6.884360973,18,86.49446908,52.07705144,99.94714004,5.309766174,-36.38425392,25.51373471,7.780309416,0.045250554,133.9301602,87.60792548,
2023-12-20 00:00:00,107,1,18.44393465,7.19319116,737.4089131,8.463764893,44,63.76192823,60.94428052,97.19215213,9.803838151,-62.23829375,23.77779548,9.801607863,0.759009084,86.04119799,94.13577619,
2023-04-04 00:00:00,481,null,13.97987263,6.43584559,979.2015751,7.921458127,54,78.64893001,98.95919122,98.46356508,24.64130972,74.92772143,32.56930326,6.278360932,7.069014831,91.35869387,84.42091306,
2023-08-15 00:00:00,171,null,6.107242489,5.661710422,843.4004792,4.301309019,39,96.77763769,54.2132831,84.24286563,8.147564929,-99.42860599,16.42450924,6.789107709,7.947779762,139.4171973,98.75241438,
2023-12-23 00:00:00,438,null,4.977419718,5.579772832,987.915072,7.014765693,59,67.20768236,62.88236255,91.38167612,29.88975378,56.12469634,27.69400593,8.069943713,6.043832541,114.1117734,89.63132627,
2023-12-24 00:00:00,449,null,15.20540771,5.059425287,955.4799649,0.239719009,38,88.21433849,80.21794005,80.57406741,23.84062275,59.60373715,20.53786287,9.79962476,2.364175233,136.0165777,76.27442311,
2023-04-05 00:00:00,122,null,7.4992,9.868805687,1637.639441,0.805167153,30,66.09659403,67.49446289,61.79589041,7.301197067,-38.62350859,12.39559425,9.47417867,3.747424425,88.8852686,82.46629642,
2023-04-06 00:00:00,327,null,8.589608373,8.158181655,1597.169016,10.87181944,51,51.2503655,52.87636484,56.62083922,24.16949991,33.10703407,32.16663401,8.539517669,5.61937956,68.04206234,97.22252486,
2023-08-17 00:00:00,400,null,1.257757985,9.028157001,543.6787361,6.008668258,14,55.02152519,68.9808998,85.74081153,20.20315459,-36.01823084,29.25172379,5.767156939,4.928370575,138.2976892,88.24511523,
2023-08-18 00:00:00,204,null,9.836863649,9.189227907,1201.515975,7.741571655,30,72.8499511,94.01185179,95.32075328,23.30970282,38.65912807,11.53865555,7.548812837,5.062150126,139.7391016,71.69840268,
2023-12-27 00:00:00,465,null,19.47479506,5.615580377,1353.932906,12.84273659,57,54.23716062,74.23414016,87.73041507,21.81969024,47.24076905,22.67707544,7.276201218,4.971288908,166.2890669,72.03865741,
2023-12-28 00:00:00,390,null,15.19733567,8.136368908,1669.638516,12.75721396,44,87.72807491,88.12910433,72.08412538,2.50977019,34.89282144,20.37118347,8.459038238,2.532930055,92.99984241,90.08378681,
2023-04-07 00:00:00,299,null,9.671398897,9.337261784,1474.101474,8.663466906,54,63.60962806,73.42870574,66.72781648,27.75207787,50.56741141,14.80230136,5.828054198,0.039062927,182.5281871,74.1467148,
2023-08-21 00:00:00,265,null,13.00454231,9.8497847,1763.527094,2.379553584,31,72.2223094,51.38726771,56.4671176,7.561171982,51.20289681,28.80434065,5.700914965,5.029639078,189.3645904,98.99841454,
2023-08-22 00:00:00,495,null,14.44896217,9.667706831,779.9899073,12.32119025,59,72.84911558,90.0207899,87.48664688,12.76758677,13.52105286,12.67923105,5.452817322,8.583934049,147.3840879,70.49335453,
2023-04-08 00:00:00,190,null,13.80496365,9.599297622,1207.376409,4.84075774,16,50.10946909,72.0045115,81.00131297,14.83468246,-39.64746738,18.07521703,7.872708821,8.965418063,64.40806831,88.91185776,
2023-04-09 00:00:00,321,null,14.82781584,8.175517574,1003.302609,0.253936362,22,79.07165353,80.76956886,76.48007951,12.75753932,-85.78044194,39.36170469,6.345185662,3.108139795,158.4547677,83.23836732,
2023-08-24 00:00:00,396,null,0.347446652,9.436280403,555.9313594,7.032582473,28,84.59574307,92.57035316,67.99799833,15.63116576,-35.5877516,21.08209242,6.975367448,7.325143204,186.2814107,82.27289677,
2023-08-25 00:00:00,391,null,17.93130153,6.894013484,1798.960669,1.830988849,59,79.03368877,63.42222279,98.81535627,21.55695311,-64.68870352,21.5019563,5.73299488,8.337217165,128.5773498,87.69419085,
2023-04-10 00:00:00,192,null,14.31233414,9.815981935,1675.987222,11.94785688,16,99.12547195,56.37507826,50.53190228,0.528061819,72.70037868,13.52787296,6.662807876,1.695602944,129.1550961,70.81106727,
2023-04-13 00:00:00,303,null,14.96075247,9.905781987,1586.508359,4.654673292,15,95.50582363,79.5001853,80.87655266,6.691468344,-41.79666187,39.76364819,9.24797471,3.508445322,75.90692385,94.1148981,
2023-08-28 00:00:00,176,null,1.364385011,9.746723157,775.8101284,8.976004226,42,83.47140911,51.50997604,68.14753267,13.22178358,-68.4154097,38.21119427,5.026395187,7.425923576,86.66302307,83.13566599,
2023-08-29 00:00:00,182,null,15.76558476,7.904880536,1068.795549,12.50739265,52,62.00211328,59.66101068,51.92484465,13.78479511,-93.66245625,27.88579015,8.181459967,0.322056226,61.93260011,99.38431653,
2023-04-14 00:00:00,312,1,1.497637511,6.366813719,758.7919783,9.680007139,44,82.0658609,53.51023161,89.36600948,6.346358446,20.16985946,17.49229882,9.345036202,8.522119468,170.6404282,85.0275408,
2023-04-15 00:00:00,120,null,18.36252325,5.797107934,1116.976465,10.69728589,29,86.72619713,90.69032489,92.4256585,1.592519217,-26.29712859,35.0054035,9.969134619,8.178538462,111.9430073,92.61490661,
2023-09-01 00:00:00,387,null,4.826182958,5.257794101,1361.873467,6.333148953,55,85.17700167,77.20997919,99.29717107,6.413821648,56.68046383,11.17749831,7.181161005,5.730691966,164.7964499,89.41608282,
2023-09-02 00:00:00,245,null,11.5388728,8.481444806,1006.935463,11.0413327,41,95.02155899,98.50123104,58.02509432,12.03405604,0.245496785,24.556291,8.202469448,1.419485069,197.0708374,93.98367811,
2023-04-16 00:00:00,312,null,3.419988743,7.721582114,1070.580298,4.487772057,58,63.39358367,81.49905753,65.43526878,11.56606455,-2.211951978,35.61913702,9.63589426,3.27563572,177.5947349,85.33184661,
2023-04-17 00:00:00,441,null,8.411984817,8.490805424,1361.707406,4.3053381,47,96.60835092,75.60918953,89.54898745,16.05615583,8.729405066,20.01429271,9.699830247,4.379812947,112.7359243,97.6194942,
2023-09-05 00:00:00,297,null,3.440064519,5.795176177,709.6560762,8.713409937,48,93.4515944,80.71882866,87.90886203,18.20263923,-26.81463248,32.14268908,5.462285798,2.151276065,73.97611106,90.27466876,
2023-09-06 00:00:00,433,null,3.012752699,5.912315106,1698.606753,10.60263372,23,77.73947832,96.60544806,95.19106553,18.08879887,97.45406076,39.94727485,9.525013514,8.456689393,92.53879424,93.96065632,
2023-04-18 00:00:00,295,null,10.83859571,7.162357753,1115.618681,5.281506227,51,60.15329724,78.26968324,91.04500159,4.725527866,-11.23519028,22.01890582,9.391370734,9.045253984,101.7498463,71.16542747,
2023-09-09 00:00:00,261,null,5.574773203,7.554912418,1745.478068,6.616544177,20,57.5318233,56.43135247,53.16151353,29.07555587,2.604527273,22.29699207,7.779096408,9.041207309,58.32822517,82.29826665,
2023-04-19 00:00:00,291,null,9.485179229,9.344106581,1924.968012,11.43532607,54,51.25365012,94.73083312,75.08493429,19.40402975,56.76104251,22.71201992,7.048730528,1.562156522,149.8477255,78.3248859,
2023-09-11 00:00:00,225,null,7.111930912,7.990415779,758.2425969,7.958093557,24,50.71276458,64.52064843,83.95647797,7.199067184,-86.54688343,26.87277125,5.83086814,6.270504703,183.9205662,83.66311824,
2023-04-20 00:00:00,352,null,5.195973246,8.732121547,1677.3565,6.973378232,43,70.75366224,51.32677981,99.01703178,4.940391727,-68.26182746,10.93417982,5.71937131,3.6658743,155.3250515,75.07010664,
2023-09-13 00:00:00,475,null,13.54806077,9.585586138,799.1000161,11.1192194,23,97.66117589,89.65349653,71.97912286,12.80825258,-56.87064181,25.32832242,5.755129048,9.678355449,129.4977716,72.01628356,
2023-04-21 00:00:00,439,null,10.98219458,9.450870993,1702.739836,6.647546006,14,86.06823856,70.45532101,82.69979624,10.7327868,-17.90761436,16.24737524,9.424634801,8.244383076,181.7457571,73.01014344,
2023-09-15 00:00:00,465,null,2.309432035,7.04234573,1497.063577,12.21054444,55,89.53057241,95.97010407,62.97900987,3.707862785,-6.402572501,12.39677358,8.411523238,9.185355718,66.54543836,86.10401248,
2023-04-22 00:00:00,382,null,3.874872814,5.390609273,988.7073212,12.62275354,45,68.73389615,71.3310849,77.09063273,21.76333471,3.226610484,27.27717505,8.87904177,7.898363145,94.66894704,93.74484351,
2023-09-17 00:00:00,147,null,19.95319264,9.359125507,1312.206596,6.366297906,36,63.02613994,59.136402,58.92697487,7.255167051,-1.16787415,19.87702756,8.15087519,0.879230558,142.7599476,87.98648569,
2023-04-23 00:00:00,323,null,10.70707645,7.074576822,554.3883198,1.90965425,12,74.24862692,88.25095734,90.81191176,18.5446791,-87.23838746,20.2699768,9.565991724,1.116345215,151.5303101,73.38596311,
2023-09-19 00:00:00,379,null,18.69842403,8.078956642,842.7412408,7.077414838,47,79.60133048,62.38675931,50.3896143,26.80417626,-40.226483,31.29125797,5.493936676,0.294203345,94.98634497,99.66231788,
2023-04-24 00:00:00,149,null,13.10711826,9.098146644,993.9726101,9.735026054,56,87.69128462,78.82352157,70.07695566,26.50235377,62.16670655,21.74010511,5.293194983,2.258704354,156.7832324,96.80963473,
2023-04-25 00:00:00,343,null,8.162586766,9.043261098,791.7005352,14.55010016,59,66.84999135,55.87823754,83.67911443,26.33718843,-43.14984189,20.38392096,7.466559506,7.247344781,182.538768,92.33279902,
2023-09-21 00:00:00,129,null,19.28338067,7.30852167,962.2841674,4.600055221,50,95.97855434,57.51108903,75.657621,3.58568375,38.74666296,31.05224284,7.066333993,1.803790083,174.1700376,81.24915647,
2023-09-22 00:00:00,290,null,17.45800553,7.59159283,505.1220914,1.592150987,17,75.29979442,84.50490924,61.94784365,19.00084189,9.028096246,31.6770185,7.937007382,9.521034738,195.2477615,73.17695539,
2023-04-26 00:00:00,428,null,0.538517627,6.889859715,1288.416395,7.687509699,49,95.56580072,82.60268558,86.07800942,18.15553154,-6.858911225,17.8193564,8.025568094,8.296134628,153.8448248,95.31099994,
2023-04-27 00:00:00,195,null,6.974246571,5.614766635,999.5969846,4.853402205,24,52.69363046,57.10522347,89.05862892,28.50658284,-54.07732315,17.43054605,7.364569095,4.799204854,81.80007305,79.19439272,
2023-09-25 00:00:00,392,null,18.53013209,7.060510823,602.5683824,1.493446391,15,91.76437091,57.27386322,96.8880866,19.50712178,32.18929382,27.29882606,9.895359647,7.304401658,155.0673202,75.33219511,
2023-09-26 00:00:00,260,null,19.65500728,7.627270827,1413.737566,6.018625902,13,59.08396479,75.90444987,77.35130546,26.36264303,-50.19214417,37.5331757,7.466400323,5.05768993,84.33083049,87.40933414,
2023-04-28 00:00:00,312,2,11.83503518,8.661111914,1865.000574,3.935971809,33,60.54264218,80.31867823,60.37929306,22.20658749,97.16435326,32.55117113,9.545102104,9.551583891,70.52372192,75.81741859,
2023-04-29 00:00:00,314,null,9.065443168,8.838377061,1276.850116,11.17957273,51,74.93565038,55.3489342,59.61442441,28.72589705,60.71870932,39.98671645,8.073683689,2.434536792,128.6761941,74.29120016,
2023-09-30 00:00:00,324,null,14.42222033,6.594935158,1501.625405,12.0908017,30,98.0184105,90.00945293,99.7880386,11.58533185,-36.35724367,28.8139958,7.039261333,3.196095721,193.0928065,92.23496443,
2023-10-01 00:00:00,210,null,14.07688517,7.098500786,1330.675729,4.133345113,55,56.57029734,63.79656789,93.58584296,9.821260468,-42.99393816,35.1059086,6.037464923,2.547184059,57.67415402,74.96443294,
2023-04-30 00:00:00,148,null,16.44915561,8.642274657,1773.499221,3.32181891,16,87.49110071,67.30475904,77.29718466,5.737276906,-96.9587555,14.41648612,7.567976719,2.120945532,81.92007675,96.22848819,
2023-05-01 00:00:00,350,null,14.87606216,8.840368349,1423.573281,4.438446524,48,73.05754036,55.99682161,97.67637155,0.536061065,80.19412216,22.77490841,6.347108061,9.936203543,153.810731,93.85556362,
2023-10-07 00:00:00,116,null,2.77199368,8.729863581,888.7077105,11.13024416,20,82.07893803,54.81466325,75.47455235,12.85635991,92.05468391,29.02504408,5.274084962,2.61329897,112.517401,83.40732448,
2023-10-08 00:00:00,299,null,10.24294945,6.016208295,878.6093121,3.240477338,59,93.49814489,85.15459469,91.48199936,21.96511498,-35.27641354,26.43461534,6.54476259,8.492000229,56.55925162,84.63352994,
2023-05-02 00:00:00,250,null,10.89969583,7.451829628,1804.560918,4.814199539,46,53.46823238,86.98837227,91.0080136,5.409798658,7.322718094,28.55244358,7.704674649,4.550859566,170.4308435,90.5911592,
2023-05-03 00:00:00,148,null,4.529435636,6.132394018,738.9365676,8.662723368,49,76.774088,81.33885298,68.95392469,7.692635319,85.25223991,24.39594209,8.00413294,0.743997658,163.1721245,89.87396808,
2023-10-13 00:00:00,322,null,19.53719781,7.519484003,654.8811362,14.23596018,27,72.63953608,64.02827195,79.96949292,13.98658617,-88.03787607,30.70190263,7.790538158,1.4532044,145.5878165,98.87030129,
2023-10-14 00:00:00,102,null,9.344978158,9.77125825,516.7032626,0.267791678,51,91.75648327,83.0265876,73.3137155,18.85404131,-99.91021303,34.02228007,8.100599217,4.60083178,129.9977187,90.08117603,
2023-05-04 00:00:00,202,null,13.22301022,7.170367142,1033.243928,11.15564098,46,81.77917282,67.79121937,87.48839773,14.12842219,39.48065712,34.15089285,6.907885298,4.456434212,84.11664779,77.45094182,
2023-05-05 00:00:00,373,null,13.89880043,8.899238069,1822.724756,12.94617395,18,73.29894559,62.77425919,97.3984107,16.25243628,89.11108295,16.20507283,8.643973916,7.240398961,191.2910942,89.87760912,
2023-10-19 00:00:00,312,null,11.33904201,5.649333906,1985.800145,5.888230109,14,95.35841608,71.78421902,67.69391573,25.17089181,-75.9019912,20.78137645,5.407973828,7.59572926,87.13042771,84.02122996,
2023-10-20 00:00:00,364,null,16.06367429,5.00500176,921.7344805,1.297705115,13,87.23851327,73.34447301,80.51933283,28.97267322,40.14253695,19.39589883,8.07435858,2.482541313,80.07511849,96.45466992,
2023-05-06 00:00:00,213,null,0.886210171,5.958548385,504.6147675,6.710024702,31,95.62175492,91.70421343,62.60236155,3.608815307,-17.75452501,37.12292147,9.010133687,6.939944807,98.80694355,83.61336123,
2023-10-25 00:00:00,431,null,7.741894005,9.145715831,784.1156021,12.18432582,36,68.15375492,82.26464134,66.32972194,12.7749155,-74.45551638,16.92875552,6.246474903,4.243193993,120.3626622,71.6310576,
2023-10-26 00:00:00,154,null,1.650376922,8.089414536,729.4252021,2.161379004,44,93.43970407,61.15968688,56.90088227,16.761644,63.65627741,15.69665091,8.212692763,7.537114087,80.50250407,73.4345632,
2023-05-07 00:00:00,279,null,6.25150215,7.562288491,739.2824803,14.55317167,38,65.54863271,89.26746328,94.72594533,20.65429649,73.17556077,39.36662482,9.472659519,4.686767073,110.4110068,79.00543076,
2023-10-31 00:00:00,261,null,13.03718579,5.209184939,1270.232787,8.256552338,31,63.2876318,53.5272521,78.97011609,4.298221526,-53.04184573,24.57696665,6.183199504,1.707716544,114.0998482,72.65694774,
2023-05-08 00:00:00,461,null,2.147518817,5.172114596,1929.989557,5.516804239,20,83.71405931,69.87530872,82.78295243,22.19750562,-88.46550204,36.70896343,8.079008891,8.16646485,140.3366823,80.34413137,
2023-11-02 00:00:00,408,null,18.96260282,8.675393822,1304.405788,4.95218262,19,81.38372088,83.89224857,81.96293553,6.445489438,-4.459778714,12.43781148,6.735506885,8.703066484,105.4069817,87.40607664,
2023-05-09 00:00:00,272,null,7.51124697,9.382079597,1690.351418,9.23575095,28,60.7448554,87.60290716,86.99013309,21.66961587,48.57207202,19.10206119,8.648095146,8.379812565,169.9861681,77.43173639,
2023-11-05 00:00:00,336,null,3.316274305,7.109955229,1645.001584,6.316363825,15,96.07778829,87.22190951,81.8898178,19.63751746,-70.40620833,37.08037621,9.532451358,0.69086875,172.0355489,92.86311265,
2023-05-10 00:00:00,367,null,0.693044151,6.166038783,738.0781007,5.28099451,32,57.68461003,50.94036197,84.64148798,14.86858522,19.79112261,15.61440185,5.610069562,0.671046723,133.7177189,73.60582172,
2023-11-08 00:00:00,449,null,19.48934862,8.938165366,1045.990635,8.098977802,35,63.08139275,84.98548851,98.68722911,22.80509831,-93.98465081,32.99900628,8.638010165,6.722139712,133.5446478,88.85247716,
2023-05-11 00:00:00,181,3,6.246721793,8.642951416,894.5913559,14.13347623,39,53.26052229,67.34109957,63.51013687,8.248954373,70.84919113,37.040757,6.34662407,1.488151075,86.8461928,82.40557905,
2023-11-11 00:00:00,242,null,14.69306238,9.847252155,1254.571984,11.1790432,14,78.81686244,96.07132756,82.02129585,25.72654503,-45.91249682,21.06063507,6.627081242,7.130893144,106.7316874,98.00566186,
2023-05-12 00:00:00,216,null,6.751933411,5.27733707,1579.08891,4.94725653,25,58.73581494,82.55685683,54.3001024,21.6234034,-83.98030889,15.34664144,7.529249015,1.34945012,104.52603,96.40440211,
2023-11-15 00:00:00,254,null,1.823226783,6.481303689,782.8718443,8.690714256,54,98.2865359,63.47505263,69.35124834,4.549440194,-49.00717876,26.68600826,5.969560263,4.078283168,124.2529928,70.51612661,
2023-05-13 00:00:00,220,null,10.03710819,8.984425717,1652.574204,14.78157415,40,81.13600393,71.11659664,66.6755912,20.17560165,45.09329236,33.2784917,7.737988371,6.165729697,173.1719591,91.98029609,
2023-11-19 00:00:00,115,null,7.582815776,6.577727114,1652.978847,11.59922103,35,78.29783588,86.85145795,53.29683618,10.95293012,47.11418687,26.75100454,9.003859743,3.208859864,65.99180871,75.48552323,
2023-11-20 00:00:00,179,null,3.866070143,7.913731732,1427.208186,8.694219916,44,65.90729477,73.64600052,89.53848207,5.598689046,-29.98688464,35.73044723,9.24480318,4.026440811,193.297625,99.43661069,
2023-05-14 00:00:00,271,null,4.495999949,6.575128284,751.7151665,4.132223961,42,80.5606445,84.61175881,74.16929365,16.35723276,-95.54287491,36.15206973,7.706206918,0.232054075,52.91183277,70.81536723,
2023-05-15 00:00:00,493,null,6.991245608,5.493866059,1592.060392,5.804466788,43,54.41005385,95.89413341,62.38056378,27.65277943,54.04512928,25.52414813,6.657996786,6.202880616,140.5535434,90.78217952,
2023-11-22 00:00:00,382,null,7.840891618,9.677131021,1122.573242,4.631131564,23,77.28214771,94.35854585,81.21095099,0.626546729,56.74630297,34.09308021,6.483960079,9.66043618,68.72385358,75.20111125,
2023-05-16 00:00:00,298,null,19.76538226,9.60251709,556.647963,14.97282773,37,57.84915142,67.66130041,83.67960599,8.691692889,-76.22066132,13.19445544,7.633948237,6.112358072,134.2440791,88.04150187,
2023-05-17 00:00:00,274,null,14.99835064,6.253529201,651.8476703,0.421787564,25,97.00626457,87.02037532,62.32075459,17.49078199,83.13791928,13.39363825,8.350239503,8.730462509,131.3217025,89.47681796,
2023-11-27 00:00:00,125,null,0.924465469,8.873241102,1308.729026,6.488598403,10,97.67409567,50.51667426,99.10241504,15.04360557,-18.53890339,22.65412422,6.03265291,1.698525383,199.9102254,72.62942577,
2023-11-28 00:00:00,234,null,4.055639296,7.026487812,507.6809002,14.77178606,16,55.88753511,98.40556405,97.53272473,2.762627892,82.75647628,28.88870772,8.714072556,1.609892584,60.8348246,88.49006572,
2023-05-18 00:00:00,261,null,1.000601868,5.905816553,525.7552999,3.742735397,53,88.60119906,69.33463084,54.98097636,24.14094326,-31.233847,14.94654147,9.88969367,8.198572862,125.5570526,71.83561718,
2023-05-19 00:00:00,209,null,10.63414493,6.697358135,855.1779751,0.260997224,46,88.099527,60.88602103,60.04937779,9.307373267,-91.55889399,14.39159565,9.327345569,2.681278564,56.05531369,93.33098043,
2023-12-03 00:00:00,101,null,7.51272417,6.891727041,1970.572948,6.322056716,12,96.03595027,64.11906397,97.43114363,28.29898655,69.63703735,15.87552508,6.632337706,5.882321644,63.33034284,89.45306331,
2023-12-04 00:00:00,442,null,9.065558315,8.12945897,1268.185454,7.353899488,49,93.59355124,96.11247466,63.53800168,21.24033965,60.35061298,30.05650366,7.326459594,0.768455332,165.7193626,74.12236151,
2023-05-20 00:00:00,365,null,7.836334892,5.153361228,1190.185629,2.241322997,28,85.26121398,85.19257087,97.13795973,7.085913531,-86.8604397,20.8240605,7.436777459,8.295172261,51.39454263,95.63333822,
2023-05-21 00:00:00,245,null,8.518568288,8.322287469,1919.876894,8.675283183,36,67.38192198,75.82976269,60.4293641,23.46920018,35.19215464,13.1344936,8.712989334,7.231209631,150.9780245,98.51913294,
2023-12-09 00:00:00,472,null,11.69546092,7.666517033,1526.993681,9.955585579,33,80.07161638,62.21282265,72.71571506,26.81799618,73.88893896,21.60918941,9.953013295,0.862370207,177.7127501,90.4496006,
2023-12-11 00:00:00,137,null,17.64313148,7.749432833,1773.771706,9.194551652,21,90.4361098,85.83148435,60.123939,14.88300835,-1.324202918,31.73797887,8.27580195,0.319101595,66.4522269,75.92686856,
2023-05-22 00:00:00,440,null,5.637036833,6.864479848,1414.928467,6.631992258,46,85.96081073,62.73837642,53.75047642,28.86806122,-26.12496813,35.33196715,9.466164398,7.061835732,56.74237031,78.42635855,
2023-05-23 00:00:00,171,null,15.46099287,6.453380968,839.7106598,2.815587163,48,54.11249171,57.59072808,87.88473826,4.799660777,-64.75229866,29.02380502,7.441130389,0.456790214,164.0504867,81.24038269,
2023-12-15 00:00:00,214,null,2.800223357,9.384003996,1202.629248,11.28045005,55,71.45475051,61.93095542,75.38014997,6.915425747,-71.31896886,12.37619589,8.655826608,6.094275797,91.6876185,74.50007203,
2023-12-16 00:00:00,491,null,10.97483489,7.233381252,1441.115422,5.92562725,42,98.06914795,65.43814306,77.12088425,2.232343682,37.94864274,16.57416255,5.716493673,5.266066216,107.6032804,81.82068113,
2023-05-24 00:00:00,170,null,5.478106504,9.221687711,1379.32212,2.151420023,48,78.6491248,83.81364158,72.52795348,18.05321947,-97.2812302,17.94034395,9.678653695,9.601053733,182.5895064,84.23531095,
2023-05-25 00:00:00,280,1,11.21025361,6.414154899,666.6244969,12.32954144,43,56.20141451,74.27031525,58.70022688,5.169387995,-26.31048107,33.19665666,5.908764808,8.901310989,157.7669085,97.12517192,
2023-12-21 00:00:00,385,null,10.26889274,9.179827665,1060.819854,11.18161954,42,75.95521963,88.33243962,85.01288572,9.305880584,31.53500131,19.64511396,7.404683452,3.221932098,92.19847807,99.33393773,
2023-12-22 00:00:00,422,null,8.633830062,8.589995378,849.3178649,3.138777373,53,71.59215234,58.75405621,53.58905699,21.23770148,-44.43341217,30.15940763,8.866339662,9.668720023,160.8123047,94.60728945,
2023-05-26 00:00:00,313,null,17.6056716,5.594307438,1484.487171,0.732403657,21,92.07602871,93.25461567,51.08675387,21.60698797,1.447667855,38.49974127,9.40685848,4.769837174,144.2050021,77.56221269,
2023-12-29 00:00:00,316,1,12.60459663,9.571784104,958.2409616,13.37655197,37,63.93698892,69.95422602,72.61490679,13.44624001,-48.49431193,35.88549434,5.014600094,1.28789519,63.83365837,86.96109134,
2023-05-27 00:00:00,373,null,6.473866419,7.626708145,1230.917422,5.167102786,44,62.48762957,72.87810608,93.25963832,11.81636028,-76.44269072,23.83550715,8.254762715,0.141274146,153.3806471,91.04747635,
2023-12-31 00:00:00,212,null,11.76524565,9.751570331,1737.760263,13.16874143,24,99.92980473,50.95928852,64.36442652,28.16830132,42.1409034,21.61880532,5.720644928,6.523256783,67.56593055,71.66581127,
2023-05-28 00:00:00,361,null,6.667474289,8.432998839,1252.581292,2.605281557,13,57.34106961,68.27412643,68.87523581,9.358691739,75.52267253,37.27426822,9.215638459,6.566734921,153.2667198,75.40983393,
2023-05-29 00:00:00,237,null,19.69607115,7.739318932,638.4040692,14.34949038,24,70.79580422,71.42085651,53.90467767,22.67167662,63.73852319,35.99906931,6.952886826,8.697201819,111.1004894,97.69916644,
2023-05-30 00:00:00,382,null,12.99476939,5.891850903,1227.348658,7.589671923,11,94.82686284,58.61987926,73.48673176,19.40461287,72.34478099,22.0903889,7.628974221,6.662966331,190.7737572,94.99962384,
2023-05-31 00:00:00,163,null,4.965478233,8.635448665,1393.804694,0.17092462,17,99.50607481,77.43709615,85.97075212,24.92107609,29.80456642,39.90399601,9.748218665,4.15053274,117.8909868,85.9600581,
2023-06-01 00:00:00,486,null,6.151798754,9.107597421,779.1737391,11.57180892,13,72.56349968,83.43371929,58.25345831,26.1509228,-37.20407732,18.39847103,6.533939918,2.626230058,84.52857786,95.88801472,
2023-06-02 00:00:00,251,null,7.199927043,9.625759762,1898.890897,5.496472681,37,85.08724406,84.66114488,81.33786985,7.074478257,-89.09385394,25.85350227,8.681077035,7.050251182,120.4206396,70.37449656,
2023-06-03 00:00:00,327,null,0.212418213,5.875263001,1080.338602,9.712479378,53,61.87695466,67.14730429,86.02633174,24.95707647,-22.50983905,15.0035481,5.033000439,2.065670994,138.2377467,99.61831413,
2023-06-04 00:00:00,199,null,9.363893526,8.454410267,1505.798408,12.20879375,35,83.8847669,88.21569367,93.54815748,26.7965595,-87.44709548,39.40587982,5.449795168,2.066936374,75.52388137,91.14751596,
2023-06-05 00:00:00,460,null,12.77641856,5.159045184,594.5949133,0.655650959,48,74.60249008,73.04287146,72.73189224,3.270302488,29.13167571,29.66849126,5.113394634,8.588173026,189.0229255,73.25991583,
2023-06-06 00:00:00,368,null,5.554965549,9.563032123,1575.795892,12.54478702,56,62.7082383,82.68826769,94.76644614,7.094151406,95.49315625,24.36773476,5.761907242,9.872391205,110.6221647,99.63887234,
2023-06-07 00:00:00,253,null,13.9015895,8.454609867,1159.563232,3.035100108,12,98.92961286,66.49219604,77.05190412,26.93365368,-81.71388843,33.70397757,5.742394718,3.628556543,55.40881362,98.10419308,
2023-06-08 00:00:00,379,null,11.94395884,6.932350858,1499.147282,7.438985817,25,74.046769,72.02888128,74.81559861,26.00750385,80.34651278,13.08189051,9.409946026,1.999013079,96.09735381,91.74762817,
2023-06-09 00:00:00,329,2,16.12625103,9.849230606,1832.025492,0.98826779,28,79.94460968,72.75838883,84.75588504,2.298982983,-77.23812162,21.1656299,9.691738895,3.256150533,101.414221,72.50512304,
2023-06-10 00:00:00,483,null,1.024401807,7.269801835,1558.657002,1.398652888,36,55.55315005,77.48781943,85.61103241,29.69080572,-20.70193325,23.71261614,9.775853109,4.057577278,195.1848884,97.66074545,
2023-06-11 00:00:00,165,null,18.60157508,8.334303172,882.4804599,0.784772855,43,88.33489624,95.67225642,63.95608845,18.04012449,81.70053545,15.32975184,6.535917106,1.254701716,160.1132187,94.0148074,
2023-06-12 00:00:00,361,null,0.547304133,7.075585038,792.099347,4.542268599,20,75.30991425,64.51288382,91.57582146,3.4308251,44.19531217,36.48139681,5.558059329,0.452319071,60.73700727,82.71204536,
2023-06-13 00:00:00,352,null,7.259245789,5.951780053,1905.562541,2.187879332,48,60.69364317,68.80162618,87.99447065,2.11094684,77.8571601,15.47101365,6.042178007,8.587370376,58.84125966,71.76577592,
2023-06-14 00:00:00,433,null,1.283423449,9.480242729,967.4464345,3.883668604,43,71.27472669,88.41445929,60.29672092,5.655144832,-53.66868423,39.62655585,6.526892138,8.904011208,179.3872064,94.42817189,
2023-06-15 00:00:00,174,null,3.195773204,6.064285317,1494.716717,14.79684508,43,89.00014508,54.58982032,61.15783818,19.25898097,-80.33106411,23.38458211,9.754657438,0.066277172,65.53240386,77.31245812,
2023-06-16 00:00:00,273,null,12.65262538,6.040257258,1249.478723,13.38659179,57,51.00444156,53.92700579,81.5024854,1.437146493,98.16306991,32.89849104,7.217301135,7.352741202,107.8190386,98.38143179,
2023-06-17 00:00:00,134,null,2.101664723,5.222752128,1038.032782,9.088035037,43,85.09896185,67.68095336,86.91574588,26.53659899,53.96108404,39.92361176,8.378257554,7.169333091,84.48729093,95.35886833,
2023-06-18 00:00:00,497,null,0.280045358,6.504938023,1540.255231,12.82795411,53,80.45523896,93.68942535,88.20977676,21.81046833,-31.61132294,18.84529414,8.941190006,7.952427316,84.4073454,72.68471354,
2023-06-20 00:00:00,473,null,18.68943087,8.925106922,1374.301764,5.029472204,37,54.17822561,95.79424956,81.04848844,28.79069286,93.17757872,36.87486836,8.007339758,1.752019523,137.0537344,95.61057792,
2023-06-22 00:00:00,103,null,14.51708676,7.111014313,1237.874609,7.086883773,56,91.4199617,62.68758593,91.91876383,22.64513804,1.482198593,13.11720668,8.308824394,4.401325849,128.3532164,95.83400145,
2023-06-25 00:00:00,323,null,7.114016505,7.982009381,659.0994883,6.322214679,35,98.64077296,50.36751671,87.45942592,21.13828666,-12.93178104,16.41132747,6.783808419,8.966561142,84.12577929,85.3829182,
2023-06-28 00:00:00,451,null,18.86097502,5.36988449,888.2369012,14.65184178,53,75.86681185,57.7593494,53.03688308,25.18878337,-35.54419502,24.62597534,6.370473757,5.310263812,102.9707301,81.94285012,
2023-06-29 00:00:00,461,null,15.77319588,8.097245549,781.5604141,11.23981727,38,85.97951838,67.53109839,68.5975809,0.949211278,94.4590419,25.50757892,6.607032447,2.780760116,150.4613307,83.08095931,
2023-07-02 00:00:00,259,null,0.833509383,8.329862962,586.574993,4.075956333,26,99.08538377,61.01961233,86.0253887,20.90576924,-48.90556151,21.73013843,5.439160307,3.7893857,83.00188202,82.34544356,
2023-07-03 00:00:00,153,2,6.403618341,9.989677901,954.1245459,1.540063758,19,72.73436909,63.47910861,59.98505789,25.6008998,-37.4645237,23.03721158,8.962701997,3.547319628,199.9632033,99.0265625,
2023-07-06 00:00:00,120,null,8.998720744,9.350264152,1690.568015,14.06213915,27,51.8218694,76.41516373,67.90949767,14.92950018,-22.9103492,28.53253486,9.138498261,4.418808201,50.19292142,80.22398412,
2023-07-07 00:00:00,266,null,15.20606004,6.130219494,926.2524443,11.36868932,10,87.87467964,70.24967033,86.22872258,25.1179991,-14.66646103,30.01016644,9.136274333,3.914141604,119.2294536,71.92947954,
2023-07-10 00:00:00,410,null,1.339589367,8.678072332,1028.714834,1.454826035,17,53.02326492,57.22966939,88.40527041,11.68796429,79.07817059,12.33846232,5.29679836,4.129671999,149.787089,73.10465477,
2023-07-11 00:00:00,122,null,17.21518733,9.371934771,1654.408011,7.764434025,39,57.46820761,58.33281496,51.9444955,7.656621781,70.54611009,36.63033357,7.069317693,6.215509908,151.6926072,89.43241078,
2023-07-13 00:00:00,202,null,19.95179747,6.211449089,1968.099894,7.791421519,16,94.75094718,95.83745016,93.95553491,21.68002795,40.51987094,34.64976194,7.797268274,3.817616745,52.84196182,77.60200923,
2023-07-15 00:00:00,434,null,9.565079595,5.445743899,595.610516,11.56632856,32,73.88301012,74.58744239,53.26436516,13.78624423,-37.04075312,14.78571509,5.5438729,5.58895703,67.47737604,70.57827533,
2023-07-17 00:00:00,452,null,2.635739397,5.328844297,1369.436621,8.922883824,35,91.1923848,56.21766748,73.42639112,11.1569849,-47.76594096,33.59127734,7.980993276,0.939791204,103.0246906,72.06004402,
2023-07-19 00:00:00,434,null,18.31307077,7.904450169,1026.817891,14.11445678,26,62.07562611,56.7363003,75.05382088,25.09094089,-29.85371639,29.04860519,7.637316795,6.255071371,107.4082101,76.14191492,
2023-07-24 00:00:00,223,null,6.055197283,8.098599388,1225.695243,6.148140858,28,87.72974214,86.54878862,84.83478695,19.79142364,94.52094621,10.06398689,9.641365885,7.745692111,70.90464041,79.04424754,
2023-07-25 00:00:00,295,null,19.41419404,7.109042507,1952.456947,6.246923059,39,91.03042974,97.71629004,75.56969625,21.92545974,-19.51066505,20.4810195,7.532844428,0.052616952,104.726096,89.79469829,
2023-07-28 00:00:00,236,null,2.965219306,5.942447819,878.6580205,6.981412767,21,92.24836387,84.7700047,85.7886638,8.210975479,52.5489151,16.53162291,9.025154578,6.400799018,51.31430972,95.09210263,
2023-07-29 00:00:00,187,null,16.03006762,9.604211771,851.5951856,13.95619134,33,71.9340326,91.70551958,71.75166265,3.690471744,31.84636653,25.65652598,7.919014841,0.562042776,88.7875722,73.83701431,
2023-08-01 00:00:00,141,null,17.25544474,7.385115963,566.4260738,9.88411959,15,73.78268175,65.71233365,68.39392278,6.819517357,-56.42809301,13.31014765,8.051684549,7.290150949,99.03708958,89.37515051,
2023-08-02 00:00:00,222,1,5.640118691,9.218250113,1633.752239,3.497722936,52,90.07608236,95.34369541,54.09716307,25.70364207,-44.89384666,32.84944728,5.74527692,0.392167583,58.59272116,84.55835705,
2023-08-05 00:00:00,438,null,18.78083637,6.652568832,856.0195674,13.71536895,16,95.0175841,55.88571419,56.16467062,3.577500607,-53.00394639,19.91696462,8.724371297,3.47017351,170.4854272,71.10743573,
2023-08-08 00:00:00,367,null,11.84204876,9.543208793,1893.031635,2.760043681,13,97.82118273,79.86716667,66.16331488,9.43585161,-50.42713898,10.04092946,6.042082604,1.694993565,50.04411841,83.4183163,
2023-08-10 00:00:00,347,null,11.80513342,6.417586463,1835.951115,5.080636014,43,74.66114489,55.09839205,64.27912395,4.605258677,99.77428855,18.3717692,8.910387345,0.536994442,183.142694,95.24239298,
2023-08-12 00:00:00,242,null,10.75891468,6.786228075,984.0480179,6.825759221,15,84.46935837,85.4453177,59.77188283,15.93257712,74.13457072,35.86016979,5.969539737,5.859542781,123.5843924,93.55059414,
2023-08-14 00:00:00,391,null,16.96383194,7.037140439,1424.394005,9.457318884,48,92.97042704,66.53316965,62.79667363,23.2414826,-75.60049599,14.33761976,7.644842952,2.896593613,162.7815263,97.20782126,
2023-08-16 00:00:00,123,null,14.98227908,8.565863564,596.0819596,13.38514064,42,75.88566033,97.81129414,97.04126818,9.576034928,20.71783493,21.33031786,8.512047057,4.036173521,172.1517405,93.97610248,
2023-08-19 00:00:00,132,null,1.712904252,7.113436677,1458.532113,6.541713026,57,60.19125185,95.68845961,94.98230302,4.624506902,20.85891904,13.71385048,6.479440691,1.880818858,125.2541644,79.69170372,
2023-08-20 00:00:00,442,null,14.87775097,9.176258606,1985.021517,8.113628165,41,85.13460318,98.66314079,96.2033414,22.3035358,32.13462332,29.86791875,7.866306955,0.140137109,139.5631343,78.05926763,
2023-08-23 00:00:00,169,null,1.772068632,6.115802823,1603.809102,13.412578,59,55.05427299,98.81026384,82.4662388,7.008104743,34.25847892,18.38005166,8.115933418,0.759160232,97.10190633,71.25622498,
2023-08-26 00:00:00,466,null,12.67993401,6.168976653,1953.836529,1.143858202,50,50.2075729,84.42310154,90.87982694,16.38567025,95.70610211,27.90078506,5.179733431,8.051100616,140.1123589,80.35265829,
2023-08-27 00:00:00,481,null,18.25659984,8.838083903,905.2242101,10.73228216,21,73.31969664,89.17507983,92.17876832,13.50057042,16.1037783,21.76780423,8.215481042,8.040892348,195.0373265,79.8802799,
2023-08-30 00:00:00,273,null,8.533680051,8.301013651,703.5869829,5.477992285,57,74.13614335,73.94723004,96.20584688,17.00337153,19.81594121,11.31351057,5.092077145,7.956947054,197.6540377,95.22764931,
2023-08-31 00:00:00,347,null,14.34887404,9.120874111,1489.015679,14.83061699,16,87.8418497,63.02846432,76.36046258,18.8797755,-76.99197733,30.03324283,9.165808436,6.075955178,71.30649677,95.37837317,
2023-09-03 00:00:00,496,null,17.6458959,8.833751866,1093.829065,12.29601564,53,76.25964058,66.38208775,78.51933243,23.55915361,7.5468132,13.26557911,6.656591291,5.599002375,115.3329722,86.41631646,
2023-09-04 00:00:00,279,null,16.54449222,5.15286088,1244.353773,10.06871186,17,62.67758662,93.04727753,69.1641345,12.06178247,-15.40930821,19.52099193,6.987928022,1.96460307,87.83983749,87.00158882,
2023-09-07 00:00:00,381,null,5.281197907,9.92257239,1786.725694,10.1825129,15,52.6451393,76.88053279,70.56440245,17.4584133,-75.77328394,11.45859935,6.015958734,9.486650997,100.7406185,90.8926678,
2023-09-08 00:00:00,292,null,17.63551878,7.078441307,1571.53618,4.476139867,16,95.06844105,57.71493246,74.72065256,22.97798684,-33.84424841,27.88086507,6.108382567,5.270232248,176.6977023,79.22910932,
2023-09-10 00:00:00,335,null,16.7462878,6.498878002,873.9190657,14.45351743,10,85.76094118,86.76345409,87.09375417,0.521060013,66.0757416,14.81436596,6.504926091,0.07637009,99.98177539,72.56137092,
2023-09-12 00:00:00,185,null,11.27610965,9.565178493,604.3880731,7.853869978,23,85.12302563,55.1238456,61.62968398,26.55912213,87.98354513,22.13391969,8.051070879,8.895244888,198.752045,99.37430419,
2023-09-14 00:00:00,388,null,3.947342849,5.951934214,1396.44074,3.216926691,49,85.23865286,63.34350474,60.2827757,27.31277976,69.74962281,18.56720892,6.792224574,7.855367236,198.2043905,75.61030938,
2023-09-16 00:00:00,311,null,11.64888903,9.683208017,899.028309,8.692941357,57,81.86039319,86.38087679,59.69621897,20.08721714,-70.22807665,27.76489848,9.253881977,2.912474367,118.4526439,99.72570581,
2023-09-18 00:00:00,471,null,9.869166771,6.462386527,997.2567438,5.026065101,55,72.57343252,70.61511046,50.11793642,9.63793338,-31.81731866,13.51130434,6.680495315,5.040641743,149.4429948,92.82875904,
2023-09-20 00:00:00,391,null,13.24358884,8.749274049,973.9585117,4.197644036,34,72.85456267,51.61407998,75.78907064,6.233706526,57.0288141,10.8141697,8.488668989,6.323819739,196.1057638,87.26170168,
2023-09-23 00:00:00,234,null,3.328250036,5.73041503,1853.731777,0.314981666,21,55.04665558,88.4666001,86.21851944,12.08613754,-55.14383584,34.13850326,6.483417481,5.706938384,109.451519,97.00903467,
2023-09-24 00:00:00,492,null,3.27407964,9.149310679,898.9512804,5.160062955,46,81.08072724,88.63023989,88.30376223,15.74217928,-82.91331198,24.01491767,6.796417856,5.064234066,144.8556992,75.89258319,
2023-09-27 00:00:00,245,null,2.93987742,6.47603098,1475.113906,0.716022816,25,99.17930741,64.99672312,66.69300996,23.61030784,24.9046978,13.83655231,7.313240646,1.329224119,125.1332175,80.0157858,
2023-09-28 00:00:00,241,null,14.06671137,5.903850493,1687.242826,0.962072929,22,73.60041211,67.46570513,55.13265425,14.36647634,-8.533960326,38.34941527,5.554602971,3.318440453,124.4482851,71.20905749,
2023-10-03 00:00:00,315,null,4.642913706,7.299891135,803.3800568,10.75260531,55,75.20765593,57.49858741,70.14538051,23.9599746,-38.62503056,26.00965747,7.916491662,6.255291144,180.5087378,80.9882973,
2023-10-04 00:00:00,180,null,17.88542877,9.28797689,1127.238723,7.502199297,56,92.28862644,97.16151918,77.2231983,8.440134901,53.99512176,38.88219694,8.218562157,6.978559401,175.8206959,72.17629503,
2023-10-09 00:00:00,353,null,3.405189786,7.662975346,1388.716777,2.896852242,35,52.61863506,50.04887057,61.09733039,17.50544194,-30.90005849,18.22742965,9.104933725,7.786259061,119.2221968,83.27543162,
2023-10-12 00:00:00,343,null,19.99483994,9.252559971,548.4837485,2.870981945,51,64.16865762,68.52206112,65.48908391,12.95875594,15.82382147,30.77594898,7.599005069,8.127885408,103.2385211,90.93820383,
2023-10-15 00:00:00,210,null,2.575537546,7.864121229,1742.876724,0.718770344,27,78.71063926,59.34547416,84.08603379,2.645637949,39.42805546,19.10246502,8.142828469,9.319710163,164.9620868,89.47923643,
2023-10-18 00:00:00,367,null,14.75958173,8.042488152,1986.987847,2.996193463,29,92.0510201,58.55269197,71.69010983,17.26901122,-58.81730115,30.295342,9.765582742,8.012127717,130.9450959,89.1343566,
2023-10-21 00:00:00,257,null,12.45850635,7.380449897,1287.284338,4.992031315,12,95.65363181,51.14049086,89.55633693,6.227131366,70.08676658,11.95353236,5.637564661,8.510386471,98.45675805,98.11562789,
2023-10-24 00:00:00,109,null,17.73778,7.465676708,910.1412798,7.305474947,29,98.11114064,56.46297522,73.75971359,25.54627372,-62.47300051,17.38932556,6.767576535,6.016054741,125.1490301,83.24188449,
2023-10-27 00:00:00,196,null,7.443704503,6.170251091,1034.83681,10.77825551,19,59.9988985,92.4050202,51.72742587,22.27689718,5.935340059,20.36540854,6.651273535,2.269973477,144.6162884,70.95274212,
2023-11-01 00:00:00,292,null,0.454054159,8.365982649,1269.08868,3.71121497,58,73.55373674,85.32283837,59.92810986,21.72762008,-24.7999988,32.90079831,8.644225559,5.657603379,158.6192168,88.34573009,
2023-11-03 00:00:00,106,null,2.338947171,8.519524618,779.5852945,8.805954987,34,55.62311356,50.42585158,85.63943088,15.92047632,-62.7225049,14.98612704,6.878345723,6.465641093,198.9130528,79.21013068,
2023-11-06 00:00:00,239,null,16.64707593,9.070975391,1833.6166,12.40114283,33,87.31519813,60.81875075,87.85355783,3.684422747,19.42746317,20.2232143,6.406070948,7.456953766,115.0115171,86.99718006,
2023-11-09 00:00:00,328,null,6.496454239,7.627570386,507.9318217,0.019964037,37,90.24928197,91.44376295,79.94361073,10.24212106,-62.8421484,26.24636031,5.611567479,0.938828997,170.1913917,90.09012743,
2023-11-12 00:00:00,333,null,11.8389008,8.475334824,773.6708062,13.90950632,27,98.45131082,57.98724351,71.44395868,23.15524519,13.45038935,28.96704571,7.297304749,5.213388563,105.619177,94.3039677,
2023-11-16 00:00:00,400,null,2.608025709,5.606533683,1272.636042,5.17819114,52,87.39260095,71.1771368,72.11439422,28.38248823,82.2599176,38.82420742,8.048260785,6.960261328,113.8529328,94.40205797,
2023-11-21 00:00:00,295,null,16.73602284,6.081894573,826.3522017,13.58669985,34,87.55728158,68.65580161,59.71127703,20.92225081,-56.15980806,14.79753701,5.426455558,9.114078442,162.0765606,71.40423756,
2023-11-25 00:00:00,436,null,2.201386316,8.935732639,1107.476191,3.766308754,19,98.19889808,60.59932474,68.3047153,13.8064036,87.39025792,17.96300854,9.22890206,4.605664993,105.9763374,83.39718283,
2023-11-26 00:00:00,123,null,18.2667694,7.702480719,1987.993353,5.014712531,19,91.12720476,51.64881363,79.3228358,25.29034928,-8.207013774,25.13799903,9.776827585,2.484032777,158.9898126,75.41745407,
2023-12-01 00:00:00,379,null,2.072894595,6.693725624,964.4815684,2.223553694,45,58.84814265,87.67763504,66.84742192,1.327735741,-53.88919204,28.77069514,5.368233749,9.716851556,180.7114754,92.04657316,
2023-12-02 00:00:00,443,null,13.90671798,7.930499149,525.857609,9.733909837,17,60.98931199,98.07957366,81.03785485,0.674958757,72.74170951,24.02173117,7.095182466,1.337165553,59.6428713,98.03260254,
2023-12-07 00:00:00,116,1,19.27915585,6.919406051,842.3344249,10.03783042,30,66.52510309,94.82381477,73.35133391,17.6830988,76.86762428,10.24428191,7.677623088,7.511405539,183.7536833,76.55729755,
2023-12-08 00:00:00,226,1,14.65959956,5.715838568,1164.743074,3.011703986,13,97.54011391,90.42281474,50.2289916,0.063614744,19.67421541,13.71817693,7.286389616,1.466457978,110.9206217,93.94370061,
2023-12-12 00:00:00,484,null,5.208269677,8.732820201,1473.185511,11.68362049,18,60.5948144,66.07694976,86.70915358,21.39733378,-95.72426729,32.6968409,5.344207567,2.372523279,191.5736834,84.21101869,
2023-12-13 00:00:00,297,null,17.57486691,6.354501021,1596.790654,2.483296979,26,54.01966771,64.49327049,71.09156722,23.37348901,-30.17347515,33.59624677,7.425704359,7.303245003,88.22663665,86.97196988,
2023-12-18 00:00:00,136,null,6.034625612,9.196701114,922.8530128,8.584005835,54,88.33077623,71.875417,95.41428143,16.48847705,97.14889958,19.36708572,9.138894729,1.345135267,66.12565665,88.20285548,
2023-12-19 00:00:00,118,null,11.56020597,5.891435865,1255.805686,0.805264851,57,93.12099342,66.07127617,50.75904676,9.064412357,65.0555692,36.66876975,8.18460904,0.591011352,139.0217403,76.95678605,
2023-12-25 00:00:00,464,null,19.73765276,7.29144473,1425.325869,4.236583119,24,65.41611312,55.12923284,65.42447925,25.72218942,67.73123811,11.14975598,7.901897008,1.1851947,69.30430037,74.56873865,
2023-12-26 00:00:00,247,null,3.918170358,8.419621989,1036.240869,3.417028029,18,86.51859158,78.03730687,61.45450261,14.78971915,-64.27205214,11.76344085,8.023987,4.268091916,118.0952917,78.89554857,
2023-12-30 00:00:00,472,null,1.265830601,7.90028532,1849.492951,1.80898203,55,80.96873027,63.78342153,94.33015913,13.36548739,7.320818618,34.73555461,5.19640282,7.985014836,198.9274641,81.89213168,