Date,Total Units Produced,Defective Units,Customer Returns,Cost of Quality,Supplier Defect Rate (%),Scrap Rate (%),On-Time Delivery Rate (%),Process Capability Index (Cpk),Product Compliance Rate (%),Rework Level (%),Production Throughput,Yield (%),First Article Inspection (FAI) Compliance (%),Quality Improvement Rate (%)
2023-01-01 00:00:00,1778,93,38,5596.271293,4.656467408,0.55401622,90.70424328,1.303830457,99.4786902,5.853481171,2306,88.9447552,99.53760679,6.647534166,
2023-01-02 00:00:00,4757,70,30,4915.602819,0.425613418,0.799878359,98.71035849,1.019490757,95.76165567,2.100454674,2539,97.92048684,95.31938111,4.788786494,
2023-01-03 00:00:00,1337,48,37,2356.526856,2.24626457,1.055031069,90.88636327,1.259975146,96.42438884,2.715508102,2881,81.45383265,98.07953527,0.714698653,
2023-01-04 00:00:00,3117,3,2,3970.203376,4.5290976,2.710504359,91.33111501,1.199584553,98.37281902,2.130995003,1727,89.52683377,96.89500369,4.769746672,
2023-01-05 00:00:00,4910,68,12,4808.071771,1.598644744,0.254428479,99.81476822,1.424861605,99.94967795,7.795512153,2606,98.07257341,99.19549067,8.898130772,
2023-01-06 00:00:00,3927,97,41,7417.119234,4.710145834,2.422987658,94.72559981,1.440740841,99.30825168,0.902997462,1390,84.14975397,91.84713301,2.951124436,
2023-01-07 00:00:00,4543,90,47,2107.248687,1.155225045,0.511162324,95.81114928,1.106313198,96.69703856,4.57673353,607,94.02453543,96.13297422,6.861982353,
2023-01-08 00:00:00,4268,78,14,9277.596672,2.303541329,4.613118828,96.3535241,1.094645722,95.16283353,1.573009723,2976,85.94328465,94.47560484,5.29253604,
2023-01-09 00:00:00,1087,10,22,4106.939639,2.263065823,0.950923892,94.04901723,1.155861817,95.88330768,1.187343617,2250,93.61890865,91.13060638,5.530760927,
2023-01-10 00:00:00,4276,78,22,3091.335669,1.008480723,4.122915807,94.83555139,1.134619072,95.24734437,3.39623359,1187,87.91911088,93.7955964,0.127012691,
2023-01-11 00:00:00,4801,67,12,5233.956746,4.054757454,3.207613779,96.35150382,1.07967003,97.29858839,4.945514122,1481,81.49033589,98.20857626,5.853084747,
2023-01-12 00:00:00,3291,86,43,3370.419528,4.88447239,3.89758404,94.45449639,1.234159798,95.18787824,3.961239538,956,95.2394578,95.05999005,6.681170876,
2023-01-13 00:00:00,1892,52,8,2140.594523,4.691850245,2.793872646,97.69000361,1.425298613,95.12876937,8.737186877,2307,87.40877736,97.07775885,8.413630755,
2023-01-14 00:00:00,1749,15,25,2640.627722,0.503342235,1.397951531,98.61947705,1.051142331,99.32196427,8.645364064,2985,82.14009723,96.75067404,9.037728669,
2023-01-15 00:00:00,1511,23,null,6995.842494,4.859769917,0.549143598,94.093112,1.183437461,95.275762,0.071180545,2926,80.62624336,99.52472994,4.293564409,
2023-01-16 00:00:00,3630,2,10,7598.742455,1.659219748,0.345299679,94.43017333,1.079851503,97.14835772,5.815889912,1875,82.03056472,92.10167018,5.808725742,
2023-01-17 00:00:00,1609,57,27,2300.779694,4.078952558,2.645608914,98.2380048,1.342694624,95.73283542,2.107368369,2047,87.13223015,97.48755815,3.810967995,
2023-01-18 00:00:00,3844,10,40,5298.551689,0.29546536,2.533360305,97.68218855,1.476288,98.9791979,2.237721174,641,96.68389005,99.78000537,3.134472467,
2023-01-19 00:00:00,4721,92,3,8463.634638,1.687393278,0.270276203,95.83566841,1.340448051,99.73248403,5.526119278,605,94.60074323,90.05146398,3.928407974,
2023-01-20 00:00:00,1938,85,44,8966.075965,1.860145862,2.252843902,96.48585181,1.337373704,99.68485517,4.68240891,607,91.05981258,93.19031196,8.667510885,
2023-01-21 00:00:00,2997,11,45,5419.411016,0.718857774,0.08977411,95.87576505,1.374654597,95.26521707,3.203158586,2557,83.70631336,95.52732732,0.862258325,
2023-01-22 00:00:00,4172,31,7,8127.852065,3.074085436,0.682157171,99.96653862,1.070853136,98.63016871,8.732446991,2895,95.32874274,97.99163641,0.476540302,
2023-01-23 00:00:00,4880,98,44,4755.2239,1.907628913,0.3335145,98.0802651,1.113708326,95.30457356,4.079085878,2161,87.54156555,99.55399651,5.329766117,
2023-01-24 00:00:00,3773,4,1,5336.924544,4.712348795,1.352148173,90.89264133,1.100361806,98.11199863,3.842537649,2099,92.54023108,91.41539544,7.962377144,
2023-01-25 00:00:00,1265,45,7,4447.974266,1.983921059,1.233741992,91.51792757,1.188093501,99.76284441,6.915109103,543,90.75458879,94.38918462,1.94837937,
2023-01-26 00:00:00,3885,78,3,5627.88103,4.453055728,1.544213106,99.16164827,1.330629406,98.86279249,0.408772554,1928,98.76570437,94.35036144,7.39401118,
2023-01-27 00:00:00,1557,77,24,7923.350808,2.581440275,1.963690548,93.20781671,1.464891344,97.40457209,0.350589741,541,81.70385627,95.90297047,3.016874615,
2023-01-28 00:00:00,2921,96,4,2996.795053,4.597616372,0.65223997,95.46146273,1.214711298,96.18148783,8.668301529,1684,96.98602505,96.51939387,3.542989873,
2023-01-29 00:00:00,3605,15,2,2247.586688,4.708630037,4.674580029,96.75822415,1.37017275,95.17147866,3.805861643,2829,87.00210705,93.1355484,2.742559194,
2023-01-30 00:00:00,1216,31,24,4948.326488,4.745576265,0.14787893,95.65961209,1.20467765,96.64894582,7.618737986,2975,86.6805817,93.05751375,9.208328514,
2023-01-31 00:00:00,3627,92,9,9079.955946,4.471207878,0.934474162,96.12211835,1.003814158,96.5649004,7.313439995,1438,99.72223153,98.36673661,7.765592137,
2023-02-01 00:00:00,1320,40,43,3836.854274,3.360121113,3.877535021,94.82124301,1.352990138,98.4641038,8.73369641,1822,98.49676544,99.02567198,6.223494112,
2023-02-02 00:00:00,3958,13,43,4708.871346,4.429683765,2.803001179,95.28754066,1.451268668,96.78456851,6.78058458,1438,98.50523901,99.80644007,3.166166163,
2023-02-03 00:00:00,2268,88,7,6198.082354,2.262317827,4.917143921,90.38808132,1.114302799,98.14572002,9.605274666,1431,82.32057433,90.41703719,6.521759789,
2023-02-04 00:00:00,2449,70,27,5114.653655,3.912999293,0.074609415,92.58121578,1.165415711,99.10157217,3.482070734,2528,88.36751889,91.26162207,8.398227932,
2023-02-05 00:00:00,3030,53,31,7464.669646,0.023307095,4.373436269,96.65768608,1.372418614,96.89184178,2.112363467,1339,91.75798279,90.44083841,4.242588761,
2023-02-06 00:00:00,2004,1,11,2344.215979,3.202716114,3.712401777,90.34859365,1.349056692,98.47345985,9.364003481,1749,95.40091231,99.25038169,3.798708534,
2023-02-07 00:00:00,3325,56,5,3112.784236,4.381299296,3.089911141,95.98094049,1.401199639,95.70871495,3.057199166,2337,98.23060459,96.84570123,1.27125239,
2023-02-08 00:00:00,4421,38,7,9290.628755,0.711325046,3.036945307,96.89123641,1.142062328,97.41186608,9.188065889,592,94.09623561,97.52323288,7.345211969,
2023-02-09 00:00:00,1535,9,5,5243.182018,2.013982265,0.427746177,93.7662375,1.211555709,98.37363837,2.043759487,624,88.88316808,97.17963684,9.072919578,
2023-02-10 00:00:00,4431,59,46,3943.461391,2.126940867,2.490576438,98.59626719,1.083031392,95.7155358,9.962966416,2603,90.72690631,96.19059696,5.464890222,
2023-02-11 00:00:00,4850,31,19,8498.528809,0.894958205,4.194115252,98.89720294,1.041255947,98.67901001,7.419698317,2236,84.32555962,94.49824911,2.181137531,
2023-02-12 00:00:00,3252,27,1,8731.623968,0.368042115,3.046136374,99.0662367,1.187362559,99.53937621,5.935213656,1893,85.88974437,95.40783625,6.145905258,
2023-02-13 00:00:00,4276,32,null,1575.581006,3.915907636,3.662011848,93.29324989,1.374392208,98.00181418,9.947095477,512,86.82190963,99.21298579,2.399167219,
2023-02-14 00:00:00,2476,40,1,6382.545457,0.101500176,0.092396696,95.80333196,1.147302452,95.05122206,1.906204137,2919,98.85754625,92.52645098,5.546554158,
2023-02-15 00:00:00,2592,7,31,9281.957717,2.141077244,3.053870615,90.92832465,1.406383618,97.06404032,8.889892801,1520,81.96995675,91.54886346,0.657478375,
2023-02-16 00:00:00,2842,39,48,9500.407831,4.687528188,1.863116979,96.41287752,1.444623335,98.13684295,1.274841635,876,93.21979698,94.12179834,2.754681402,
2023-02-17 00:00:00,1867,98,18,1300.175201,2.636940309,2.975530551,98.10109511,1.145080761,99.52298772,7.889168332,1921,94.77113914,91.21896049,0.044873864,
2023-02-18 00:00:00,3525,80,2,1334.426526,0.398267053,2.159349747,93.97397534,1.146920852,95.80622034,5.842363297,1101,90.88158427,94.8112049,4.569072862,
2023-02-19 00:00:00,4358,72,28,2844.608628,1.777501548,4.163982924,98.30351971,1.427998162,96.64090351,4.531869518,2410,84.12666076,93.13685577,9.012087888,
2023-02-20 00:00:00,2044,87,30,9703.154979,1.506053052,0.042200366,94.07972417,1.107040123,95.92712476,9.942495383,1690,95.30699888,97.18650381,1.728617198,
2023-02-21 00:00:00,1902,36,40,3038.103409,0.715909959,4.495839895,95.2515008,1.078030955,99.55571473,6.288443064,940,93.05142868,93.57569602,5.117925889,
2023-02-22 00:00:00,4276,61,27,1058.994777,3.487830491,4.002551599,94.83426406,1.269853687,99.49682567,4.281807739,1883,93.6060487,91.07000063,8.023065872,
2023-02-23 00:00:00,4570,2,42,2877.894439,1.716551281,2.802468186,96.25995812,1.145997195,97.36508001,2.8396415,2711,92.25712301,94.72617192,2.714300438,
2023-02-24 00:00:00,2238,60,16,8358.990812,4.209210395,1.324848206,95.23175478,1.239373604,97.02640309,7.357152967,515,80.00000279,91.91430723,8.925124499,
2023-02-25 00:00:00,4736,33,27,4910.409972,2.134397783,1.386058627,92.94729766,1.223675125,96.57686005,5.651403769,1646,80.10729118,93.47186771,5.36926907,
2023-02-26 00:00:00,1875,40,3,3923.684407,3.771894522,1.022437442,92.60933702,1.329258629,99.70920454,6.88764049,2390,98.23930209,97.68834069,2.287359855,
2023-02-27 00:00:00,3428,49,42,6041.170128,3.95584966,1.946184157,96.1887513,1.085374306,95.55235883,3.077946686,1386,87.59034644,92.21147543,9.15904441,
2023-02-28 00:00:00,4688,49,45,3361.725587,1.793786526,0.567078435,90.35886941,1.137485492,99.53594124,5.457588678,1066,96.4138366,98.95407466,0.254800179,
2023-03-01 00:00:00,2540,75,17,4085.785168,0.115665245,0.915154332,94.64814672,1.474994758,95.72058984,1.107348985,758,98.84750497,95.67022866,9.553738132,
2023-03-02 00:00:00,4534,30,33,7577.682675,1.347286782,0.424036433,90.47365291,1.337984442,98.18962563,1.117131378,1913,87.4560109,95.23753393,6.993376101,
2023-03-03 00:00:00,4258,6,47,7629.583937,0.378844657,3.820619287,94.90622153,1.176267253,98.20505461,2.103399887,2791,96.6122416,92.80934948,4.197192294,
2023-03-04 00:00:00,4530,12,2,6805.285626,0.305832812,4.805466668,95.79384052,1.293263064,96.57733518,4.104887875,2314,84.20176178,95.72037645,4.574482495,
2023-03-05 00:00:00,2452,98,32,4928.285347,0.952069211,3.250613031,93.38816012,1.251016076,96.26022165,1.296749955,1435,87.14502196,92.19604674,4.667769763,
2023-03-06 00:00:00,4448,37,48,4642.14115,1.530027124,3.877415127,91.03128361,1.389287862,97.0482523,2.617041393,1071,99.37666397,99.45599422,3.113841395,
2023-03-07 00:00:00,1131,74,29,9404.757211,4.10625207,1.442886581,98.93724849,1.225374921,98.67126179,4.099907149,1599,81.82498733,97.77745152,6.03651498,
2023-03-08 00:00:00,1974,79,1,6118.253865,3.435958542,1.67174253,92.59247768,1.064824095,98.93705308,0.854387633,2135,95.06114089,90.34397212,1.509865357,
2023-04-11 00:00:00,4356,49,null,7963.11858,2.05296799,2.15673658,97.50947225,1.272817201,98.245467,8.463537665,2605,81.56252148,94.48877065,2.846032462,
2023-04-12 00:00:00,1672,35,30,8728.278359,2.528014759,0.84198472,97.63834765,1.207511937,98.17952348,9.088909319,732,83.10322515,91.15510085,6.830592832,
2023-04-13 00:00:00,1549,70,31,2682.787943,1.1363093,4.327263804,96.62927378,1.208004761,99.6119534,0.835404359,931,93.61743663,92.61810761,3.213367505,
2023-04-14 00:00:00,4037,21,10,6675.416176,1.594455993,4.03985701,90.10756189,1.273338217,95.44244541,0.033481792,2203,87.2764844,92.70323515,1.411711959,
2023-04-15 00:00:00,3909,23,22,5231.559472,3.444206668,2.695436569,90.27318355,1.139147694,98.18418914,5.680718536,1674,84.41655423,98.55775591,8.372878808,
2023-07-20 00:00:00,1284,68,47,4591.05284,4.939923359,4.602807569,97.22435413,1.318693522,96.95030099,7.416149266,1653,92.60077902,94.92140128,0.007547953,
2023-10-28 00:00:00,3688,94,22,7744.260391,2.140157363,0.173792325,90.47402592,1.454175142,95.15801555,0.378912626,1025,80.28965632,91.81183337,5.794973984,
2023-03-09 00:00:00,1383,92,22,4177.988539,0.893935924,1.168589777,97.51825438,1.103750827,99.66508868,4.679529399,2372,86.53191064,93.73309514,7.332591058,
2023-06-22 00:00:00,4327,18,17,1431.58151,2.484230669,1.034473305,92.79161377,1.076344721,95.67750964,7.563034821,1035,80.06926293,91.22305555,3.179579608,
2023-10-01 00:00:00,2442,31,29,4740.778289,2.058891498,0.358699245,95.66648189,1.475741058,99.04771182,7.471522065,1752,94.26889347,95.78491828,4.844731414,
2023-03-10 00:00:00,4105,59,32,1587.917323,2.621591257,3.176423621,93.42144612,1.466836365,97.43052236,4.768891145,570,83.45397005,93.21627988,2.504180652,
2023-06-24 00:00:00,1219,93,39,7940.844731,3.640688225,0.721209814,98.51458296,1.050247522,95.16728867,5.495615868,2051,83.80038533,90.01109535,5.448597319,
2023-10-04 00:00:00,3293,75,22,4728.839215,3.286997462,0.854882415,96.71890947,1.499595431,98.68727125,3.279286252,1531,83.68590433,99.20045961,5.363249698,
2023-10-05 00:00:00,1369,52,17,7045.435698,0.374848703,3.986211604,93.29374461,1.340453458,99.55626507,5.380006783,1391,81.17764623,91.62611635,3.993140276,
2023-03-11 00:00:00,2538,34,11,8804.337265,1.801876101,4.951714742,91.93130895,1.443927854,98.839517,3.967487313,2398,97.40855182,90.80790861,1.604246813,
2023-03-12 00:00:00,1310,49,12,5023.75251,1.756753769,1.948933562,92.36734821,1.468631027,96.78323132,1.222022189,1637,83.35687275,98.96536091,5.113736559,
2023-06-26 00:00:00,4950,14,6,2508.564419,1.712986823,4.082243824,92.95327765,1.476336071,99.99622556,6.693871197,977,92.41202261,92.90547684,9.513394496,
2023-06-27 00:00:00,1316,34,49,7778.080992,0.46294852,4.604647281,99.63913687,1.282918398,99.78265277,5.111700055,1796,97.75392574,99.56995465,4.088855666,
2023-10-08 00:00:00,2839,40,13,3531.652457,0.126345878,2.759009244,96.81118353,1.052606933,95.19382078,2.042353695,2639,99.30404416,94.23511416,2.691340144,
2023-10-09 00:00:00,4625,57,7,6116.077242,2.826811727,3.459836999,98.23249675,1.372591599,97.78344992,9.440145878,2456,94.08144208,96.36502256,4.522237378,
2023-03-13 00:00:00,1716,92,29,2865.638544,0.364557258,4.37289374,99.21564254,1.325478184,98.94984398,9.659806786,869,86.03466173,94.40901399,2.23132202,
2023-03-14 00:00:00,3029,66,27,5500.127926,0.135408709,4.515568812,98.47343558,1.041289529,95.51616899,2.633436395,1913,90.51032582,97.915618,9.486635463,
2023-06-30 00:00:00,1033,22,1,1315.19231,3.792064776,4.550383004,91.71830601,1.174109553,98.42284414,2.924830136,2441,80.42355401,97.2688936,5.117188605,
2023-07-01 00:00:00,3227,12,42,8844.929052,3.010165712,1.40388382,97.48783221,1.229139867,97.44986294,1.862523514,1680,97.98868441,94.61722755,2.512705281,
2023-10-14 00:00:00,4981,49,21,8593.470057,0.721547801,1.514221586,95.5252585,1.157040243,97.0709715,6.244522749,1185,84.21681577,97.97730318,9.052223547,
2023-10-15 00:00:00,1008,32,10,8663.011022,3.634217373,0.124698803,92.99475645,1.471886687,97.07062176,3.139946395,1560,85.44976071,93.48746222,0.515836315,
2023-03-15 00:00:00,1953,1,34,2541.972578,3.053740245,3.735790414,90.00275954,1.059037143,97.80438628,0.217974777,1397,94.85989992,95.68142852,6.095477089,
2023-03-16 00:00:00,1257,5,42,9240.981522,0.153464576,4.178593,97.89194421,1.011247982,96.47419461,2.099362759,2136,84.24579462,94.59211374,2.620435322,
2023-07-04 00:00:00,1695,43,37,7346.04074,0.497211599,4.754669277,93.88292955,1.457642624,98.31611542,5.92628946,1058,99.62783678,95.88840133,0.77230054,
2023-07-05 00:00:00,2937,52,3,1839.650076,4.429320302,0.672983617,96.84786879,1.455548341,98.01066579,5.951789043,1545,80.55780047,97.9296938,1.185271025,
2023-10-20 00:00:00,1515,13,6,7539.494047,0.851662727,1.368670379,98.55839263,1.325726513,96.08902507,4.58605211,1075,98.58536353,97.67737167,6.987798784,
2023-10-21 00:00:00,2289,87,18,7976.699167,2.537143112,2.91728232,92.98547903,1.056056975,95.83303447,6.180344397,2899,90.59118298,97.80682392,5.060559963,
2023-03-17 00:00:00,4861,48,39,4987.58792,3.294777827,3.329543696,99.56533213,1.01264196,96.24205297,1.915683717,1645,84.19208949,93.88010885,2.308044143,
2023-03-18 00:00:00,3346,84,47,3870.781153,3.137749268,1.128556671,97.0988415,1.048520597,96.22280171,3.92403261,2950,99.17398539,98.59187844,9.220678484,
2023-07-08 00:00:00,1794,53,8,4163.699918,4.212480342,2.609057734,94.23199433,1.126627427,97.22057914,1.98610558,1444,82.36030112,92.31200287,0.077130065,
2023-07-09 00:00:00,4328,19,16,3477.335663,3.941127937,1.954571537,93.67992,1.251138444,98.25759348,8.079556241,2840,97.39040747,91.68151669,2.334823618,
2023-10-26 00:00:00,2763,28,23,3940.4384,0.29466132,3.184081717,97.68576697,1.024347196,96.51905107,4.073486726,891,92.02323034,97.52753951,3.892453097,
2023-03-19 00:00:00,1414,30,30,7235.134115,4.980511264,3.525434842,99.68749861,1.186745444,95.70471529,5.806606487,589,92.04460259,93.27649667,4.545339083,
2023-07-12 00:00:00,4274,81,16,5225.219267,1.523914531,0.961343072,97.04449966,1.376115743,98.37386129,3.271647546,2271,96.31586052,96.98554544,1.620669112,
2023-11-01 00:00:00,2172,61,4,8576.141721,2.138153462,2.519252319,97.29037382,1.162802254,98.09448457,8.167413684,658,84.7901922,97.46151088,4.154040069,
2023-03-20 00:00:00,3306,38,null,9677.279114,2.71147169,0.173287759,93.39567908,1.096623212,95.74301292,8.066249083,702,99.69154509,96.00693493,9.211670806,
2023-07-14 00:00:00,3840,95,2,6699.746796,3.293739447,4.793640021,96.71652761,1.497130037,99.14409281,5.174828531,2958,88.2662465,98.78556642,9.207928793,
2023-11-04 00:00:00,4840,88,7,7383.170969,0.741867933,4.196827196,92.0739016,1.3218355,96.66104408,4.69345633,894,89.10137263,99.86177287,5.074340281,
2023-03-21 00:00:00,2373,73,22,8664.778452,2.980153291,2.877075862,91.20626558,1.171519948,97.51817941,8.300197008,655,90.61251348,92.94385644,5.147353226,
2023-07-16 00:00:00,4525,99,7,6507.233831,1.133612595,2.04621399,93.4751649,1.351246849,96.80951112,5.259578402,2471,81.29508664,91.66166525,6.077379745,
2023-11-07 00:00:00,1126,1,45,6153.47588,3.577354782,0.266853991,91.27917849,1.045802637,98.37375216,9.232689571,1635,93.16572968,94.4736169,0.989334841,
2023-03-22 00:00:00,2682,49,32,3308.012001,1.035444622,4.23278743,90.74215533,1.193359601,99.60396943,8.940253393,2138,83.98174327,95.99224432,7.323242327,
2023-07-18 00:00:00,4181,2,43,2716.38729,3.540329963,0.59084285,92.46865279,1.149526898,98.81911317,4.918541438,1214,89.01796159,97.68307058,3.30327306,
2023-11-10 00:00:00,1785,92,48,2104.714098,4.664577144,1.09159606,93.1901251,1.17556766,96.02292535,0.256332982,1792,86.87858876,97.49586561,6.789649257,
2023-03-23 00:00:00,2422,5,6,4817.22627,1.078685431,2.942191707,95.34231148,1.001801373,98.92913276,2.773113161,1089,96.41007857,93.0689395,0.568096957,
2023-07-21 00:00:00,2587,90,25,5055.748493,4.386419938,0.07844108,96.83476933,1.11415476,96.98553351,9.351994938,545,82.34495474,95.95410769,0.111523635,
2023-11-13 00:00:00,3283,48,18,7731.501635,1.78842977,3.442186307,90.6984859,1.115603422,97.2272334,1.988235739,1398,84.64220143,96.88778152,6.432504046,
2023-11-14 00:00:00,1728,82,17,7012.423643,3.420032084,1.999410914,97.50689298,1.126091558,96.26141951,4.244292368,856,84.28945499,91.83914289,6.573429175,
2023-03-24 00:00:00,1356,8,19,3940.980436,0.754128831,3.475835859,92.8655504,1.135735119,95.38066174,2.45127267,2672,89.45453151,92.92776555,9.556590215,
2023-03-25 00:00:00,3046,6,7,7297.749217,4.547550135,2.593509865,95.52311189,1.202152604,95.81282614,8.144173455,1179,86.3417853,95.35254795,7.090609977,
2023-07-23 00:00:00,2044,40,11,4779.133291,1.998544439,0.360946862,91.65276826,1.019676814,96.08074288,7.708812791,1299,82.78838425,91.82234659,8.235287415,
2023-07-24 00:00:00,4659,4,36,8367.118102,1.947044622,1.540265604,90.38969533,1.018527566,98.63449704,4.019358501,1209,90.24589443,97.15180416,8.074842327,
2023-11-17 00:00:00,1534,7,3,8554.311104,0.723083557,0.017668249,99.34974607,1.127324917,98.6812158,8.145766284,2318,97.12176844,94.82066112,3.504230412,
2023-11-18 00:00:00,4782,8,11,2860.880356,1.706528653,4.610772216,92.50554187,1.203809701,99.35181708,0.677305676,2838,93.07539922,99.90589122,0.199098645,
2023-03-26 00:00:00,1803,50,29,8262.59754,3.64489828,3.615665734,95.22584368,1.340040928,97.2068836,3.068948607,1944,84.70624601,91.43422201,9.829954491,
2023-03-27 00:00:00,3070,78,12,5186.803147,1.782141075,2.687143523,97.39293224,1.016590937,95.62009399,6.492012287,1360,93.54268744,90.92079847,9.4798743,
2023-07-27 00:00:00,1025,11,41,8602.891777,3.747393639,4.110850892,98.22982012,1.175783165,99.20417118,6.554941122,1561,97.96337835,90.9192528,4.825389078,
2023-07-28 00:00:00,1961,23,49,1490.100258,0.686687357,1.610020207,98.58122518,1.297241288,96.67896871,8.098548808,840,88.62658597,96.07035412,2.278579594,
2023-11-23 00:00:00,3732,67,14,2657.584178,3.161916781,4.477393157,99.09530234,1.492112648,98.86601856,6.666172132,2842,90.50977176,97.76951757,2.85739977,
2023-11-24 00:00:00,1323,66,null,7705.24652,1.878462963,0.153691524,91.33539308,1.2475415,98.19080626,7.457447286,2763,90.82154668,90.21149826,8.713650323,
2023-03-28 00:00:00,3614,76,40,7414.652895,0.245062246,4.825993263,94.38176777,1.127575686,98.20087241,9.793247639,679,93.27690798,92.48221836,4.226804579,
2023-07-31 00:00:00,2370,12,13,3475.245186,0.171063314,3.153666645,98.02777823,1.43165376,98.92405411,7.653820784,690,89.44599074,91.15914392,1.452091458,
2023-08-01 00:00:00,4116,91,23,6564.979064,3.679713163,2.88048459,91.27173941,1.223768401,97.98718898,1.81412054,2019,86.59360127,98.04984121,9.445375818,
2023-11-29 00:00:00,1773,67,18,1667.942603,4.821055729,4.09201739,93.66800681,1.244697603,97.81140123,6.109489504,2024,94.90619155,99.26330555,8.263808187,
2023-11-30 00:00:00,4662,91,1,6158.071119,2.818030052,2.296781337,93.69459306,1.121608398,97.40335831,2.903898616,2716,93.59083078,93.43070035,7.305852955,
2023-03-29 00:00:00,4019,91,23,6761.311133,3.192364775,1.715781197,91.00433924,1.211572399,95.38128199,9.799249038,935,86.85285503,99.62499206,6.66438188,
2023-08-03 00:00:00,1934,89,3,6572.148757,2.375091565,4.438577489,97.37966464,1.008977291,99.00625391,9.853403791,982,94.76893502,91.23504729,8.063570582,
2023-08-04 00:00:00,3754,5,45,1600.186515,0.166298935,4.709201545,99.67577536,1.02878983,96.68938153,1.407075045,2734,94.23549524,99.6192076,3.088332897,
2023-12-04 00:00:00,3549,22,20,1582.826908,2.16438061,1.964518614,96.42852414,1.366241618,96.8407883,1.816737247,834,88.15636105,97.65169669,3.761688714,
2023-12-05 00:00:00,2270,97,23,5017.116956,2.399150546,1.608302366,97.82047206,1.28346162,95.69991282,1.905197346,2153,80.91269612,92.1014654,9.254421371,
2023-03-30 00:00:00,1588,55,47,8484.530555,2.348641063,0.182198505,93.16280393,1.445328414,95.25063895,5.801244726,712,85.15529698,95.19913879,9.211262875,
2023-08-06 00:00:00,2204,31,40,7354.877684,1.416995079,4.360274241,92.96354468,1.142660256,99.89299179,2.695752496,1647,86.54920717,90.14569743,6.364567174,
2023-08-07 00:00:00,2244,15,5,4586.134833,1.13911862,2.603891872,94.06869444,1.399724444,97.70192049,3.707970907,1760,88.29068717,94.44323134,8.637197258,
2023-12-09 00:00:00,3716,26,1,8723.901337,0.300150295,4.932821486,98.49226148,1.426685462,97.21333627,1.542807535,1348,82.48155378,95.66343596,9.818386135,
2023-12-10 00:00:00,4593,97,4,9851.873798,1.109842714,3.914369735,94.36578838,1.372848537,97.09043036,0.769570652,2893,88.8307011,90.41451823,6.528099188,
2023-03-31 00:00:00,3323,59,36,2663.373513,1.556774592,3.563832273,91.52465683,1.3208867,99.78876052,4.970742751,1284,84.47857184,91.2838802,4.33714963,
2023-08-09 00:00:00,1153,82,48,5766.076258,2.242970321,3.526460762,92.61404577,1.188927048,98.35247989,3.390918139,2293,82.96939458,90.53669117,1.28520649,
2023-12-14 00:00:00,1418,26,8,3092.636206,3.917129009,2.69001569,99.80120641,1.375505941,97.14712108,5.483747444,2545,80.68161329,92.95913163,8.514289631,
2023-04-01 00:00:00,3605,95,5,4156.375913,1.171431822,4.715787994,98.20628806,1.186564122,97.26179731,1.338692419,1174,97.80939122,98.14320255,7.222513113,
2023-08-11 00:00:00,2067,7,19,9630.092606,3.616628331,4.398946375,90.21850571,1.302467454,98.67594463,1.19512803,893,85.19995267,92.68601818,6.493339558,
2023-12-17 00:00:00,2007,48,11,2441.133939,3.548063067,4.625224374,95.05457601,1.163597142,97.83735508,0.634619847,522,86.35033801,96.77570651,5.195776851,
2023-04-02 00:00:00,3298,69,10,4332.106624,4.186732829,4.188452868,96.3818329,1.344564226,98.12721974,6.520691865,1370,94.05858551,92.48336575,9.745685731,
2023-08-13 00:00:00,3411,53,26,5072.713069,2.185659405,2.242278351,96.69502814,1.337996429,95.01082875,2.493625588,2730,81.74105322,90.96662444,3.967123592,
2023-12-20 00:00:00,4317,33,31,3038.990833,4.784345422,2.854765865,91.18579102,1.472212786,99.42919107,8.91068061,2828,86.70286448,95.74406325,8.376926098,
2023-04-03 00:00:00,1969,80,13,4658.720601,1.66594515,1.953004658,97.66194219,1.236571682,97.6376068,9.202241523,1026,92.92118285,90.36712861,5.454534975,
2023-08-15 00:00:00,4849,76,4,1067.43132,3.816008751,3.56119447,92.40480955,1.071924812,99.98441122,5.994602476,2726,95.94607915,92.87578763,4.944608303,
2023-12-23 00:00:00,2070,61,19,6212.569515,0.07130309,1.224284199,96.53525057,1.101805561,96.01387167,8.996575284,2071,84.4944769,98.11625847,7.837234915,
2023-12-24 00:00:00,4032,28,20,9853.249738,3.588973167,4.189094528,95.4897381,1.049726184,98.78449241,6.893364783,1062,94.36692979,92.23636192,8.300068904,
2023-04-04 00:00:00,2260,72,4,4250.977827,4.396594243,2.954277698,94.17221346,1.060645065,97.05073957,1.864457265,2317,92.22773297,96.83018517,5.640639044,
2023-04-05 00:00:00,2805,71,37,2467.266469,1.225563041,1.314763689,92.02992003,1.044546807,99.64834062,1.241630354,2625,88.00505167,98.13644459,2.798475388,
2023-08-17 00:00:00,4521,36,33,7007.898871,2.045012339,1.334317041,98.7550539,1.141661228,98.43656267,4.762427326,1364,80.77289753,94.76560157,6.514435108,
2023-08-18 00:00:00,2653,78,6,4647.909022,0.049881768,3.617271405,94.79763187,1.259553581,98.66395868,4.779761601,2614,92.80657522,93.56524697,3.04064674,
2023-12-27 00:00:00,4012,75,41,9548.906136,2.838561958,4.617051955,96.09168485,1.182209711,97.84616436,2.678124798,2596,89.67740614,90.45097838,7.352618731,
2023-12-28 00:00:00,2701,48,18,9251.633286,3.671840627,2.433700089,90.94173238,1.090340419,97.86621755,8.885049025,2941,88.14332469,92.01931782,2.319978716,
2023-04-06 00:00:00,1250,51,20,7188.497214,4.729711921,2.355265309,90.02241447,1.038747866,95.7579291,7.752161619,1547,91.30509791,99.89256904,6.873745594,
2023-04-07 00:00:00,3042,70,37,5341.824025,1.957461037,4.05945424,92.17835898,1.383336981,96.07751484,7.165669099,2974,87.34516975,93.49245385,5.899827625,
2023-08-21 00:00:00,2772,9,35,8841.470273,0.815093959,2.397187113,96.6547647,1.441298665,97.334185,7.967150975,2510,83.66643855,99.98467166,8.417756408,
2023-08-22 00:00:00,2334,16,47,7803.753195,4.020398322,2.610087751,99.25495127,1.485900923,97.55552189,1.525723066,2446,92.56341424,98.94903885,6.09861311,
2023-04-08 00:00:00,4990,42,21,6546.427519,2.203482729,2.612113072,99.20511736,1.009330903,96.32335483,7.690571293,1665,97.01779909,91.53462479,5.313741561,
2023-04-09 00:00:00,1410,43,5,2779.017153,2.360508358,3.420886079,96.42480124,1.341516742,99.60621277,8.671946493,2663,85.61870159,96.06683178,5.019845252,
2023-08-25 00:00:00,2723,87,13,5626.095981,2.276197649,4.040386528,93.97158562,1.10480924,96.0017987,8.123544841,2761,92.19762593,92.7886427,8.427136666,
2023-08-26 00:00:00,2110,65,25,3543.238389,3.114375214,2.113078554,91.61523831,1.09624962,95.13408859,5.298823566,800,89.74182061,95.76915605,6.931277737,
2023-04-10 00:00:00,2551,49,48,8296.639856,1.81074758,2.562897984,98.27040798,1.354038713,99.76411803,0.865981009,2433,86.41985873,90.58216312,1.237390228,
2023-08-29 00:00:00,1592,90,41,7947.346571,1.155244982,2.426677522,94.23474009,1.16208235,96.58807352,9.464535521,1661,85.47615964,97.4758926,6.90704952,
2023-08-30 00:00:00,1825,38,2,2994.039568,1.026863536,4.569561865,95.42501274,1.39999661,95.23972726,8.102107886,1951,93.82962271,92.11550579,0.503175088,
2023-04-16 00:00:00,1627,47,28,3617.192577,4.759039209,4.058911945,94.88016067,1.369187127,99.39736322,4.914496869,869,83.80122141,97.09488066,0.007738104,
2023-04-17 00:00:00,1182,52,3,7376.07804,0.666192378,4.803077609,94.43246112,1.045478195,96.45611213,4.966702021,1995,85.3359998,91.95846787,5.830652939,
2023-09-01 00:00:00,1705,76,13,4001.907866,2.390016752,4.548132807,96.29381148,1.270765988,97.6893603,6.291652431,2090,80.35390044,96.47813858,1.824148648,
2023-09-02 00:00:00,4626,92,12,3356.690771,0.446329712,0.404602154,99.11845268,1.118568098,95.5384656,0.960109326,1215,95.31941905,98.48614223,5.631406838,
2023-04-18 00:00:00,1038,83,3,9958.646394,4.305423146,3.241086812,92.82969884,1.404731121,96.60954992,5.297436514,842,93.86424661,98.97407069,1.927445052,
2023-09-05 00:00:00,1988,64,11,3903.32186,2.459564417,1.074873274,92.22298008,1.124494379,95.67114844,6.390278916,1093,82.67822396,97.32011655,9.557352,
2023-04-19 00:00:00,2204,3,18,1168.594692,2.826888729,3.741793877,97.14511281,1.437209897,98.78643132,9.459633554,2228,95.31068212,95.96088135,3.475121038,
2023-09-07 00:00:00,2530,65,43,2984.034544,4.895881378,2.6167271,91.62419827,1.288264343,99.22437296,6.239072578,1397,98.63754073,92.91273793,2.242048997,
2023-04-20 00:00:00,1417,40,28,8001.17867,4.325039979,4.545264934,94.70665813,1.175997763,95.22978289,6.894284157,1573,81.11215961,91.15727482,1.588597402,
2023-09-09 00:00:00,2435,93,32,5085.800654,4.636419246,0.50842098,98.45197696,1.445083087,96.61299464,4.097512493,884,84.55928444,98.46826078,6.943522767,
2023-04-21 00:00:00,1550,49,16,8940.117816,0.554198415,3.143383243,95.73706748,1.00312189,96.51081372,8.324105196,539,96.11123778,90.26977653,3.669493969,
2023-09-11 00:00:00,1338,74,1,1897.284667,0.192992211,1.578457907,91.56238785,1.313093316,98.83642201,1.363100599,1733,97.67619138,93.39327246,2.390115146,
2023-04-22 00:00:00,2371,76,24,2822.546724,1.249611837,1.210187439,97.43898157,1.455523296,95.42768315,0.917510335,2909,95.11560329,92.94100604,4.341662182,
2023-09-13 00:00:00,1320,99,27,8619.560907,0.021465792,4.733456409,94.24203998,1.186103638,95.20711234,0.135279336,950,95.07819755,90.38332633,3.746163434,
2023-04-23 00:00:00,1599,72,22,7641.960586,3.407687347,1.289839689,97.16263979,1.378878421,95.3261107,4.431599641,1641,97.72445776,97.33889347,2.113380417,
2023-09-15 00:00:00,2911,61,14,1534.503077,3.302041492,2.479273558,97.82231156,1.4791257,95.17066376,7.720168634,2039,84.0535667,97.58968112,1.726909327,
2023-04-24 00:00:00,2451,91,15,1636.994107,0.713222175,1.056930538,91.62070425,1.243171707,97.88604182,1.44604927,2246,90.63748696,99.04697901,5.229613221,
2023-09-17 00:00:00,2286,50,28,4968.09512,4.179184853,1.046636474,99.51185282,1.063313079,99.32084639,7.781093698,1937,89.598318,99.10420382,3.931902535,
2023-04-25 00:00:00,2874,14,12,9411.422203,4.510144316,4.859151019,91.25119385,1.254464975,95.0372117,5.320755705,803,84.72851244,96.93878153,0.662396441,
2023-09-19 00:00:00,3576,54,46,3117.950227,3.891620194,4.197576662,98.56493413,1.362677094,98.05201479,3.650797119,2058,91.69314429,95.05279502,7.745657926,
2023-04-26 00:00:00,4072,49,32,7463.21503,4.759137436,3.264842917,90.98972868,1.37576942,98.34605969,2.134394917,867,93.83604009,96.13666424,7.325872921,
2023-04-27 00:00:00,2334,24,25,7653.450289,4.002289011,2.172884354,93.9495882,1.484245312,97.42994473,3.127496632,1901,98.26331206,90.34212191,2.999237514,
2023-09-21 00:00:00,3699,89,29,3770.101832,4.839304406,1.856284331,95.24655387,1.407010359,99.39731481,6.36942725,862,83.09344602,97.49982887,4.281796556,
2023-09-22 00:00:00,3040,76,49,3513.424915,0.401802441,0.889189543,91.33406127,1.138145969,98.77878785,5.343938723,1042,98.82252127,95.02438322,2.244547943,
2023-04-28 00:00:00,1325,51,49,8818.28627,0.245449453,0.398231201,92.67285971,1.205849439,95.96437803,8.551244367,848,95.84564426,92.78555237,4.631231859,
2023-04-29 00:00:00,3405,90,12,3788.585332,3.388266686,2.723632606,95.99180925,1.354227054,95.00819095,0.282452227,1549,91.41079039,94.7964095,6.527644519,
2023-09-25 00:00:00,1053,31,11,6874.112349,4.099711037,2.307355323,91.88175081,1.469577271,98.72468401,0.920944348,2846,83.28404026,97.67519771,0.960262829,
2023-09-26 00:00:00,3943,64,12,3721.684342,4.486478078,0.033270971,94.20618483,1.046252986,96.07159537,8.328889376,1300,96.45331383,91.74561897,7.582941995,
2023-04-30 00:00:00,3617,7,24,4104.574603,2.739736415,2.597663117,93.87738273,1.215047104,97.70602878,6.877748181,790,96.7141783,94.94108909,9.377395578,
2023-05-01 00:00:00,3592,31,null,1888.002429,1.745280209,2.743523842,97.75502344,1.138860726,95.21627043,2.607792248,1923,94.36283918,93.1459649,5.483969374,
2023-09-29 00:00:00,2950,9,11,6908.126923,4.087002673,0.719266492,95.25793306,1.426366588,98.32794735,5.521887779,1157,82.72758594,92.90819722,5.815275439,
2023-09-30 00:00:00,2869,32,44,9593.194098,0.813908858,0.909185619,95.93376838,1.139229665,99.28070085,7.800409742,780,98.16955482,91.86026794,2.908678818,
2023-05-02 00:00:00,1454,36,21,4139.633454,4.199758988,2.517521982,93.3398669,1.275079041,98.29186479,4.450414681,1105,86.61118862,90.99551994,1.963207326,
2023-05-03 00:00:00,1485,63,48,4855.439846,1.515322733,1.828831206,94.05416585,1.070712959,98.88010621,5.757532796,2925,97.07417993,92.27166442,3.695725003,
2023-10-06 00:00:00,3195,91,41,8208.194235,0.438615607,4.438462839,98.02415668,1.467566214,96.5478064,3.027459721,810,88.79524726,96.41653593,4.368686139,
2023-10-07 00:00:00,1475,29,48,9434.874943,4.026315604,1.622801308,96.08699623,1.211348388,95.93477643,1.841888908,877,91.10704009,90.34349261,6.008078302,
2023-05-04 00:00:00,4688,32,31,9313.812067,2.390151451,3.403513175,95.78941205,1.104515316,98.18820106,7.3203741,1475,92.21747489,97.46182216,7.140672995,
2023-10-12 00:00:00,4543,25,45,6560.615941,1.829429354,3.576671205,98.84968105,1.281251202,97.94698769,8.306580365,1434,88.95790737,92.95751898,6.934473697,
2023-10-13 00:00:00,3740,70,39,6874.037525,1.536083312,1.144746471,99.257127,1.344768777,96.63307095,2.305990142,744,94.58736787,92.81084182,4.48082546,
2023-05-05 00:00:00,4359,77,5,7752.198245,1.927047757,2.249558923,92.61764832,1.378934619,98.35604564,5.948189952,2713,92.12164622,98.03456877,2.888490696,
2023-05-06 00:00:00,3080,48,7,9352.718467,1.297057176,3.562974062,98.67143727,1.206561108,95.79118211,5.750975029,1124,82.67570085,95.36336427,0.736746658,
2023-10-17 00:00:00,2988,71,40,4048.664209,0.968056894,3.637776897,93.18337882,1.468031705,96.30601662,5.097591894,2764,96.87467808,95.46319848,0.492508887,
2023-10-18 00:00:00,4001,34,18,1769.364776,2.825571233,1.271171566,99.64695755,1.005417743,97.11016373,9.771753442,2364,82.26862182,91.25460493,5.18165919,
2023-05-07 00:00:00,4205,18,10,7006.447864,4.04247519,1.145231842,93.32829218,1.119589603,99.11898729,7.972464004,2101,85.26019386,94.78459648,4.730196239,
2023-10-23 00:00:00,2254,5,19,9602.066305,0.70868752,2.044476729,92.45788814,1.405620634,97.66513213,9.69369646,2748,98.98572998,98.55401604,1.757250283,
2023-10-24 00:00:00,3756,32,43,2977.815635,3.724388942,4.884383028,90.65325918,1.36754261,97.75689059,0.599508539,751,83.87465755,91.19862128,5.44425622,
2023-05-08 00:00:00,3875,23,42,2875.253304,3.814630981,4.802406725,91.37583987,1.305341692,97.38626465,2.436956545,2714,84.9335566,97.12529698,3.770536988,
2023-10-27 00:00:00,3954,9,28,6644.174541,0.872915951,2.772748784,96.01577827,1.167154672,98.95291405,6.996255855,957,98.19894568,91.22349701,4.334876368,
2023-10-29 00:00:00,3059,75,23,4946.926327,3.086625455,3.111517869,99.80931263,1.319588424,99.00886304,5.722587727,2529,93.46583807,90.17325344,9.96530893,
2023-05-09 00:00:00,4350,61,2,2339.590022,4.077540334,3.178944323,95.83680725,1.181908588,99.08934919,3.42405132,1508,85.56501894,95.12894536,0.114645554,
2023-10-31 00:00:00,3726,78,3,5232.916507,1.860427175,0.531584876,98.23587391,1.4104167,95.24902141,2.441278017,1265,91.72467325,91.65943813,2.478509445,
2023-05-10 00:00:00,4512,76,null,9908.699467,4.60767596,1.418235165,99.91801887,1.280016015,96.84882157,0.605602945,1738,90.48528742,99.63362927,0.542684583,
2023-11-03 00:00:00,1680,70,48,1100.859874,0.428053561,1.665391162,99.76446045,1.306592611,96.22510579,3.568092682,882,80.49293022,93.85879434,0.232755434,
2023-05-11 00:00:00,2407,56,8,5169.760071,4.586891465,4.456958603,97.10373378,1.067894241,99.43809267,9.51719083,838,91.5231658,92.01554737,4.382855048,
2023-11-06 00:00:00,1879,97,4,6674.377042,2.322524537,4.497949515,90.34832132,1.046315041,95.19484426,3.607075535,2826,83.59708849,95.92212236,6.929889243,
2023-05-12 00:00:00,4115,83,23,2507.554466,0.089345672,2.403799967,92.77048438,1.025110952,95.74419993,8.169087396,2083,88.573306,94.76808652,8.601965868,
2023-11-09 00:00:00,4186,84,27,8559.793008,1.220329007,2.391847623,94.66093453,1.34227835,98.31581667,1.430990497,1386,97.57765782,98.41604418,9.73268753,
2023-05-13 00:00:00,1420,67,9,4695.309027,4.293846722,2.474957842,99.33841456,1.368724916,95.27197805,9.674216309,2750,93.15710665,98.83869736,8.881061116,
2023-11-12 00:00:00,3419,71,43,5280.44042,0.082698085,0.406312918,96.94555599,1.009554321,96.99681619,7.820726486,1426,96.94870387,99.74507374,1.978803017,
2023-05-14 00:00:00,2866,54,37,3293.477564,2.859240218,3.342219133,95.41879696,1.232199867,95.03200388,2.74791577,2305,98.9913235,95.29835808,2.79837367,
2023-11-16 00:00:00,1190,51,32,7049.99566,2.378611702,4.71599345,98.28162626,1.057401274,95.44965253,8.884675024,808,96.70714919,97.1421159,3.687730607,
2023-11-19 00:00:00,4033,60,3,1543.369662,2.206607955,2.748554394,94.74761338,1.16304186,98.73427299,0.918593189,860,87.57816822,98.77230307,7.919991714,
2023-05-15 00:00:00,3797,21,null,2842.680589,0.247374578,2.595974151,97.65713694,1.486673397,98.71962863,0.416814371,1974,88.84606641,94.84987652,8.396019455,
2023-05-16 00:00:00,3931,61,42,2043.211394,3.901618181,4.464269419,98.69045833,1.37346348,97.5240724,7.042609662,2888,99.93541337,90.11183952,4.577532971,
2023-11-21 00:00:00,4135,68,31,1547.462973,0.742135605,3.603028686,97.20421785,1.105307398,99.90255315,9.285869527,1400,80.050508,98.44089238,7.592754704,
2023-11-22 00:00:00,4117,67,38,9009.311591,3.983352166,2.136169478,96.41246114,1.370776501,96.76557603,9.711260065,2427,82.63498399,91.36625011,1.364398777,
2023-05-17 00:00:00,1556,94,27,1894.410075,2.185305876,0.405213452,99.61414208,1.067455938,98.58223316,7.248557222,2899,88.57188616,91.37866726,9.038912992,
2023-05-18 00:00:00,1600,36,36,5548.183304,4.185789091,0.983869518,92.0446365,1.249128471,98.76900626,6.076248293,1212,98.77045232,96.71993778,8.618182055,
2023-11-27 00:00:00,2461,50,18,9907.311669,1.232165702,3.130993286,93.25525339,1.149337599,96.26812083,1.941423171,1978,84.14067913,93.24020074,1.89948884,
2023-11-28 00:00:00,1607,92,26,9334.507658,0.747644589,2.395775445,90.15750245,1.493510624,96.92677582,5.002334258,1174,91.51519978,94.03234434,1.523164374,
2023-05-19 00:00:00,1269,57,8,6909.515737,1.984817501,1.609690613,92.47947386,1.122733058,95.07965684,3.385827235,1256,91.3461093,90.97525578,0.851797855,
2023-05-20 00:00:00,3628,34,17,6011.292802,4.2741358,2.807483808,97.48157841,1.215533361,95.79512779,0.726748617,715,82.77301489,92.02346878,5.846127283,
2023-12-03 00:00:00,4503,25,1,3319.592071,3.529999714,3.700277554,99.42611376,1.187198821,96.03583482,9.251611083,1307,95.89259808,99.72986289,0.514886706,
2023-12-06 00:00:00,4951,62,14,6638.944709,1.650068451,1.174739304,96.06970945,1.082538502,99.63157873,6.822002755,800,86.81588494,92.94979033,1.084875409,
2023-05-21 00:00:00,3367,44,4,3087.492542,2.237500621,4.959673294,91.15969333,1.484226097,99.79539217,8.682117742,1927,87.18015307,97.71079305,4.051559019,
2023-05-22 00:00:00,2914,99,27,9888.727767,3.998969727,3.120904353,93.86105133,1.377803562,98.54775393,9.346070643,1405,80.7121415,97.06760005,2.629859912,
2023-12-11 00:00:00,2088,48,14,6901.255001,2.156652024,3.57222448,95.27228782,1.396960865,99.85102301,6.266967016,2686,96.33456054,98.5408752,7.694600724,
2023-12-12 00:00:00,2134,52,9,1325.532073,1.133588968,2.553010356,94.33155957,1.423635419,98.17849678,8.057002499,1141,88.44569381,94.16662925,7.558901875,
2023-05-23 00:00:00,3241,null,24,2881.385187,1.734645933,1.887577688,96.97756913,1.063318501,97.08004822,8.225144784,2457,80.03645198,96.00032012,1.091677582,
2023-12-16 00:00:00,2639,58,39,7467.763999,0.069314766,2.391228787,95.74424699,1.018730781,95.52549547,5.939501514,2441,95.62538018,94.92959027,9.141634854,
2023-12-18 00:00:00,1020,59,48,8410.609436,4.948054715,3.298514967,95.30890779,1.488589853,95.37613251,7.778328108,2344,98.10735897,91.39421255,9.333457816,
2023-05-24 00:00:00,2134,14,15,6707.561343,4.441867292,2.206033948,94.84293788,1.294317361,96.71914601,4.702355917,1818,89.36287928,95.26420066,2.167582495,
2023-12-21 00:00:00,4486,27,4,5069.418102,4.554224386,1.760312073,92.12366112,1.206840662,99.67344104,7.874975633,2283,99.17819751,91.22906813,6.880795282,
2023-12-22 00:00:00,3363,7,31,2186.547165,2.794900687,0.201182888,99.70975475,1.157319516,98.98700397,8.301954877,1954,83.81918569,96.57659794,8.106262128,
2023-05-25 00:00:00,2854,54,36,3922.695005,4.899940601,4.849853153,92.71945069,1.314340669,95.57700103,8.973473784,2624,87.52808069,94.39940346,6.519861979,
2023-12-26 00:00:00,2613,null,45,7430.537374,3.671778596,2.302557382,96.72064112,1.170828122,95.99887965,9.947592425,2759,85.12577303,94.25950604,1.040319799,
2023-12-29 00:00:00,2978,39,30,9499.816785,4.981273062,0.349889535,92.42959842,1.447137859,97.2597623,0.964237408,1068,91.68361519,96.11606887,4.601036728,
2023-05-26 00:00:00,1776,16,49,3079.043202,2.77111716,2.923714266,90.91927851,1.235625302,99.15981303,4.068226847,1188,80.26604136,97.90522943,5.609845978,
2023-12-31 00:00:00,2239,30,34,8261.96976,3.381556987,3.477540709,96.70280375,1.302204388,97.89432131,2.248245877,759,91.99101877,90.84772323,2.302618641,
2023-05-27 00:00:00,1108,37,6,6750.881658,4.661272036,1.29583477,94.02408221,1.285025257,96.17288787,6.118615766,1929,85.68660954,96.66997794,3.217311624,
2023-05-28 00:00:00,4747,74,39,6778.802383,2.184560053,1.271433511,94.14197821,1.02433915,99.0999545,9.368760663,1597,93.79052721,97.02038045,0.152266997,
2023-05-29 00:00:00,3077,15,7,5495.467299,1.870605816,0.663686839,98.57555862,1.265634609,95.47688793,1.247143958,1378,95.6913087,92.99955777,7.938400209,
2023-05-30 00:00:00,2219,34,47,5726.790146,1.449582788,0.78243347,90.0656689,1.340489131,97.27290796,2.875696511,740,95.56086077,93.79783131,7.794463925,
2023-05-31 00:00:00,3088,21,18,1045.016926,0.252004832,1.827096498,91.37010158,1.4328584,98.71239952,0.463514402,886,82.48330663,96.29510415,0.915453731,
2023-06-01 00:00:00,4937,25,5,1123.832215,1.140262355,3.895452089,98.26012835,1.440161365,98.45763321,1.375488042,1099,87.36982203,90.22011351,3.136794718,
2023-06-02 00:00:00,2340,87,3,1969.996528,2.303174227,3.557088303,97.0346081,1.046472434,99.37895016,6.500710846,824,80.97094662,97.18765878,6.69894639,
2023-06-03 00:00:00,4071,28,30,4919.191294,4.877950878,0.002814885,98.9772224,1.078929756,99.49163949,2.671254452,2150,84.16724905,99.45268739,0.307081764,
2023-06-04 00:00:00,1765,45,null,8781.426273,3.976618139,3.827388163,96.67664846,1.469498565,95.05205883,6.099785516,657,99.36610164,94.48918126,3.725214336,
2023-06-05 00:00:00,4751,51,22,3853.71637,1.54067244,1.596055363,97.85610348,1.324755713,96.68659579,2.34763532,1397,94.91081486,93.50190942,3.685589628,
2023-06-06 00:00:00,1939,75,null,6777.420275,2.564972466,2.264185105,95.3347821,1.350704479,97.63637515,4.943146156,2535,80.68683304,91.09310575,6.734894182,
2023-06-07 00:00:00,3498,86,25,1106.629599,1.212903451,4.357366514,94.40844345,1.271479312,95.28753773,2.914238028,2422,86.20343811,95.20986501,3.797129842,
2023-06-08 00:00:00,1486,37,11,2489.85513,2.799748758,1.244527694,96.13394508,1.070537205,99.65243914,1.975070397,2963,99.72421735,91.92531556,1.32398057,
2023-06-09 00:00:00,3614,91,17,8318.194768,2.23787684,1.363893312,98.27037748,1.068672175,99.20079958,6.211983156,2031,81.64590622,91.52875866,2.864374157,
2023-06-10 00:00:00,2263,54,14,1345.129241,0.473052205,1.724269049,91.38759518,1.455097215,98.62334206,6.869693979,1278,94.72618691,91.08860438,3.198868518,
2023-06-11 00:00:00,3559,59,48,1378.753669,0.80741714,2.566697953,92.15222384,1.251932235,95.44482511,0.829486485,2569,90.20825513,96.780922,0.860191915,
2023-06-12 00:00:00,1526,55,23,7950.5515,4.45419164,3.020905974,96.87769203,1.324387922,98.66693583,1.7008394,1973,95.19139124,93.36810421,8.281111126,
2023-06-13 00:00:00,4355,29,43,1697.122857,3.817553545,0.125952368,93.23311113,1.068777649,95.89220448,0.950003809,1036,98.80044792,99.1550376,7.197710979,
2023-06-14 00:00:00,3478,84,20,3114.276668,2.006864175,4.300418429,95.78814807,1.072544794,99.56108143,5.285306761,2733,88.95511856,95.091317,3.033952406,
2023-06-15 00:00:00,4856,14,45,1112.955098,0.151076687,4.301581716,96.7244568,1.224903122,95.45434034,7.888418545,851,88.00285261,96.84116907,2.217852772,
2023-06-16 00:00:00,1561,3,11,2248.459573,3.157345304,2.020266559,92.42037602,1.309675648,98.36289361,7.034467828,1959,91.89713352,97.87385576,8.311280064,
2023-06-17 00:00:00,2706,2,5,7735.730722,0.41654334,2.133860062,99.84491655,1.04170099,95.63403181,7.43384489,2952,96.60953075,98.98901093,8.726818694,
2023-06-18 00:00:00,3207,21,36,2490.456041,1.650711655,2.215536709,92.50997141,1.36424812,96.39825931,5.950785531,1499,89.9599224,98.58022628,2.42324172,
2023-06-19 00:00:00,4648,16,24,2291.43505,1.831639823,1.764696977,97.68512491,1.122943895,98.67483319,2.842904189,1683,94.639536,93.01530217,8.251368556,
2023-06-20 00:00:00,3605,13,4,2887.377681,3.303717354,1.478113967,93.19569407,1.114995868,95.20826533,3.377437259,2005,92.24010052,93.69818555,3.428543497,
2023-06-21 00:00:00,4620,38,25,1476.982657,0.027710169,2.686899958,95.37874095,1.169460032,95.41382388,1.051404219,787,88.53152634,93.89566053,8.510382714,
2023-06-23 00:00:00,2583,10,2,3976.385088,4.529276878,3.129313824,91.19888295,1.095542342,96.43738407,7.089154734,789,92.89874332,96.35830652,3.327259102,
2023-06-25 00:00:00,2560,82,2,3172.967154,4.255186471,4.326420469,91.13166861,1.424472763,96.53778051,3.954573893,1905,95.56118888,98.16179816,7.92755897,
2023-06-28 00:00:00,4789,74,44,5900.002404,3.710091054,2.907501468,97.57782554,1.430532002,99.43507089,3.542013633,1853,84.33451992,99.58012026,7.294296211,
2023-06-29 00:00:00,3201,8,23,6720.966628,3.780301416,0.268159283,99.09538795,1.18454054,96.77133745,0.936058851,817,83.42110535,91.34144741,2.828240754,
2023-07-02 00:00:00,2741,78,17,2570.855154,0.91890296,4.812706965,98.2516103,1.379123126,96.28132307,3.712949209,800,97.38868889,91.18485603,7.718193395,
2023-07-03 00:00:00,2546,94,44,5301.245497,4.64291703,3.681825767,91.45670183,1.46040069,97.00669384,8.583373937,2977,98.73447965,94.16175513,8.621076449,
2023-07-06 00:00:00,3850,74,9,2882.934684,2.260329424,3.325450052,99.08659878,1.276650391,96.1224657,5.091781017,1816,99.27290989,94.25077344,8.276442172,
2023-07-07 00:00:00,3690,69,16,5971.829843,0.41842616,4.556600361,96.44166327,1.460190518,98.99942927,5.339931058,1693,99.728505,94.90307112,9.691919732,
2023-07-10 00:00:00,1159,93,10,3646.983557,4.475078272,1.015951935,91.96557184,1.020611015,98.76604469,0.292144732,908,95.01464023,91.04572841,5.246618126,
2023-07-11 00:00:00,1912,59,28,5402.363811,0.904551119,0.765031647,94.00355547,1.306650346,97.29485794,6.77001969,1801,99.757235,93.24224084,4.419467382,
2023-07-13 00:00:00,2536,4,39,8002.806631,4.270147024,0.564556449,99.05419821,1.290780276,99.86107825,6.651761431,2469,91.42732548,99.62479239,0.727098758,
2023-07-15 00:00:00,1186,79,10,6586.851771,1.319787374,1.537799369,91.8854725,1.433134439,99.6432028,9.579967462,1026,94.80936598,96.96143079,3.384125956,
2023-07-17 00:00:00,2841,23,12,7062.565206,1.541273307,4.761702271,91.27661916,1.028575182,99.23793863,3.949674563,1380,98.78523935,90.12092,8.324607671,
2023-07-19 00:00:00,3224,81,27,4687.904933,2.024646686,0.151381748,91.56965416,1.348343168,98.75025189,2.089919899,972,87.41547998,95.92646609,6.800344669,
2023-07-22 00:00:00,3688,80,6,8226.088203,3.252534602,1.596457812,92.36021755,1.001309099,97.5508859,0.308222596,664,87.86698616,90.88852444,1.468420307,
2023-07-25 00:00:00,2381,34,5,9797.769505,4.860054402,1.291893908,93.44231991,1.447060154,95.99365544,8.833522275,1793,96.85943698,99.89759386,9.491565412,
2023-07-26 00:00:00,4167,28,49,9964.998341,4.384691914,4.334205877,95.13488595,1.08778481,97.36506558,6.17115387,1638,80.16303282,98.21771844,4.907415987,
2023-07-29 00:00:00,4044,5,24,5898.919037,2.530979441,3.614526819,93.03198648,1.183487347,95.51266092,8.888147091,1198,83.18115409,90.80030627,2.594225803,
2023-07-30 00:00:00,4140,95,48,8918.571062,4.000284616,1.029642923,94.1735986,1.138009939,97.67261562,4.394498441,1803,96.2919735,91.4859289,4.054361948,
2023-08-02 00:00:00,1198,27,10,7137.445026,4.169427251,2.176568473,94.75919477,1.110759076,97.51977208,2.540157381,1875,80.53470767,99.22184144,2.172431758,
2023-08-05 00:00:00,1427,44,16,9015.680594,2.972507225,0.68005349,96.87282973,1.037594524,99.46754493,4.157962116,2276,96.16813761,90.46284882,2.528623663,
2023-08-08 00:00:00,3009,35,35,1021.374766,1.968481137,4.828848004,94.48422388,1.451046923,96.30321639,9.278760588,1363,80.17951601,96.96711451,9.293840676,
2023-08-10 00:00:00,1456,22,33,8525.173112,4.652447529,3.109370268,98.17325229,1.357871051,99.81827232,3.1757677,834,97.20308611,98.74286243,0.289268288,
2023-08-12 00:00:00,4509,71,31,8789.074917,2.78638546,3.13852965,91.77860179,1.330842096,99.91217097,5.413003229,1814,89.63174275,95.55129603,8.724463486,
2023-08-14 00:00:00,2761,95,8,6465.587437,1.710095339,4.155088375,94.79080157,1.316330988,98.90085077,3.976551052,2913,99.39262851,90.09130762,4.575490523,
2023-08-16 00:00:00,1408,28,49,9730.265639,0.806631475,4.135079859,94.34587831,1.450983946,96.5654879,7.231440132,2685,86.77382887,98.99294609,0.773032539,
2023-08-19 00:00:00,4152,16,34,9483.074325,4.389968509,1.198974114,96.90488005,1.410082475,95.83851848,6.807103635,809,89.77833332,96.98617154,7.486049811,
2023-08-20 00:00:00,1224,55,1,5977.587007,3.345800447,4.83454599,92.73619784,1.433877195,98.63792132,9.43135941,1020,95.92721439,94.09788128,3.906954945,
2023-08-23 00:00:00,3476,9,48,7344.320551,0.159113068,0.677951857,95.8557878,1.137591334,97.52118603,3.061827063,1966,83.67862293,94.32675441,8.957108902,
2023-08-24 00:00:00,4145,52,23,7496.49783,0.869652512,2.842501167,97.59285121,1.291529763,99.80022405,1.278128202,2280,84.76783533,93.74584161,6.091958143,
2023-08-27 00:00:00,4268,14,28,5496.66429,1.101122703,1.537476074,98.79387502,1.148606373,96.30791246,2.197000319,1711,97.15993939,92.44680338,5.098955224,
2023-08-28 00:00:00,1252,58,21,9394.714514,1.192872062,2.265012589,98.90789279,1.406559592,95.00646368,2.531875464,1478,94.13608854,90.26846206,3.375596288,
2023-08-31 00:00:00,2028,77,36,8241.881986,4.915059333,1.615399832,97.69139962,1.26705471,97.70161296,2.821879114,2398,83.35813349,96.68340137,5.829904918,
2023-09-03 00:00:00,4838,11,13,2427.359394,0.976234907,2.434680365,90.19459558,1.117772717,95.80391101,4.89258265,1045,82.65389554,90.31723627,1.029566079,
2023-09-04 00:00:00,3527,11,37,5258.360798,3.351381935,1.110258499,97.33917174,1.297990954,99.77337209,7.475004497,2513,92.9314903,93.01421735,6.646203247,
2023-09-06 00:00:00,1925,18,43,8801.522535,0.12023627,1.634780478,93.30361262,1.207169861,96.45777097,7.162663178,2846,80.33734452,90.45352066,3.857372613,
2023-09-08 00:00:00,2769,22,23,6247.638884,2.780034568,4.660456796,93.45539814,1.305056929,98.48452638,3.478622502,810,81.64228938,99.82110586,2.132331998,
2023-09-10 00:00:00,3981,68,6,8486.152164,0.392780758,3.641326394,98.05949418,1.335596691,96.69800398,8.149865077,937,97.09617098,92.38289722,5.008383846,
2023-09-12 00:00:00,4141,19,12,1066.544367,1.994600839,1.259115996,93.30546723,1.437510501,95.63532585,7.130324704,2723,88.54070461,96.49078108,1.172982908,
2023-09-14 00:00:00,3966,69,null,6882.507363,2.581149312,2.240255493,98.4477002,1.36022661,95.05144874,2.09401348,1201,88.77850882,99.66405904,6.202964855,
2023-09-16 00:00:00,2932,2,15,5820.173539,1.329431937,0.333828191,94.16622444,1.179734756,99.97864503,4.676798051,2723,87.11392767,95.6294192,5.642491263,
2023-09-18 00:00:00,1821,56,37,8665.267007,1.456662713,4.385546804,93.56929181,1.455113631,99.75678168,5.709653307,2881,97.03315491,99.5346618,6.179124832,
2023-09-20 00:00:00,3056,24,33,4479.167947,3.531106979,2.021224252,94.2247888,1.105957126,96.79452052,0.069816136,1280,87.56206007,94.30127806,4.490518135,
2023-09-23 00:00:00,1995,23,2,1549.452756,1.163292626,3.888490209,96.54235112,1.230224603,98.57081669,0.428353534,1736,99.55293905,92.65599192,6.978853411,
2023-09-24 00:00:00,4159,36,13,5740.157495,4.207807798,4.011893189,96.16381265,1.103928792,96.43267559,4.536227187,1627,82.74191177,93.61390552,3.857135518,
2023-09-27 00:00:00,1108,95,41,2518.092252,2.667045662,3.079031322,92.14028547,1.087086393,97.83292297,5.012277213,1307,80.08602545,99.85289286,6.451049006,
2023-09-28 00:00:00,1712,87,11,5618.028091,4.457164571,1.058777016,94.29681383,1.344565101,95.86651854,9.947923198,894,88.06697665,99.49304841,3.918316913,
2023-10-02 00:00:00,3163,72,45,5469.315275,3.729140972,0.730362741,90.34860107,1.461184112,95.10047756,8.864966634,760,94.32505109,90.2649123,3.449684065,
2023-10-03 00:00:00,4500,41,47,6178.12848,3.754275972,1.67233649,98.76910624,1.295998913,95.79296676,7.050445653,2701,93.00659894,98.18194788,9.242114314,
2023-10-10 00:00:00,1334,41,46,2886.789279,2.561285418,3.908011802,91.48887939,1.290934148,98.70263745,0.494736304,1592,88.03484472,95.74152961,9.102819393,
2023-10-11 00:00:00,4854,74,27,3077.287701,4.413048397,4.450986051,98.93717104,1.34013297,95.3474862,6.252672851,1516,84.4044285,96.17183956,2.859539661,
2023-10-16 00:00:00,2287,32,7,9040.116943,4.443051261,2.123808789,93.49726952,1.228592855,96.69655487,4.742780649,821,86.58599075,93.52216737,9.494139897,
2023-10-19 00:00:00,1470,95,17,1006.846706,0.032660375,3.517219351,90.42308707,1.119728749,97.49034876,8.419954029,1725,84.09435746,90.15882757,3.139971345,
2023-10-22 00:00:00,2252,73,10,2855.348294,2.595372316,1.661820992,97.45067016,1.093045478,95.756688,4.361428951,532,84.54870725,98.227799,1.379840073,
2023-10-25 00:00:00,1722,98,17,6873.764047,3.366784016,1.765916782,93.68912928,1.000406978,99.87186988,1.204306819,1996,80.22757053,93.69211149,8.225729332,
2023-10-30 00:00:00,4287,36,7,4260.400043,3.408018505,4.937987517,99.18149533,1.125196182,95.26772073,5.131866765,2210,84.41719308,92.84601625,8.193490428,
2023-11-02 00:00:00,2530,36,31,8066.031745,3.811777649,4.605888494,93.26203414,1.351274338,95.12726098,5.75138151,648,94.36838913,99.87247667,3.838236581,
2023-11-05 00:00:00,3851,19,32,5464.250272,3.346683118,2.007946657,96.56858411,1.166419431,99.43390334,7.549271685,825,82.33316947,90.65665445,9.658499958,
2023-11-08 00:00:00,4694,31,32,6091.199334,1.945085475,2.341836621,95.33483816,1.488096241,98.63772858,4.943584303,1591,98.50642634,90.60086856,6.63419038,
2023-11-11 00:00:00,4284,92,5,5887.242806,3.619291742,1.618283683,97.19840805,1.108498105,96.1384742,1.458854208,2794,86.43470491,96.88769381,8.975852097,
2023-11-15 00:00:00,2266,30,28,9824.106758,2.564510008,4.755204063,94.55485177,1.135860491,99.87051077,4.264476762,2234,80.73295874,91.54442302,7.909428022,
2023-11-20 00:00:00,3677,64,15,5595.909078,1.156226447,0.186992975,93.73939992,1.069979072,99.98598638,5.059258878,1944,83.02778601,94.55425066,3.645236244,
2023-11-25 00:00:00,2058,27,44,6338.140818,0.63898453,3.924940785,93.01431585,1.006566565,95.69494544,2.965769752,2027,98.31501998,92.76647664,3.097891166,
2023-11-26 00:00:00,3442,88,23,3514.69476,0.54611256,2.795468292,97.1253638,1.318105705,95.3181746,4.86697407,2422,95.33412822,91.64009992,7.636560647,
2023-12-01 00:00:00,2226,9,2,7693.646892,3.656966839,4.628035985,91.1188465,1.088743185,98.40741945,7.086548354,893,97.661232,92.98599722,7.441427154,
2023-12-02 00:00:00,3777,3,16,9196.220718,2.547598188,1.216960364,94.40912628,1.356852508,96.09044383,8.478942537,1923,96.21398802,90.81087914,0.979302747,
2023-12-07 00:00:00,1010,40,20,7069.785372,3.465502192,3.213606977,99.68759306,1.295576196,99.16074728,5.566047909,2524,89.98589293,99.19750164,2.804443636,
2023-12-08 00:00:00,4087,57,46,7685.671406,0.574423294,1.70279484,91.75726573,1.175272635,95.47903969,2.791721738,2367,88.59125581,90.01989612,5.085981776,
2023-12-13 00:00:00,2701,44,43,2003.913309,3.226926035,2.077708145,92.59790194,1.417591084,98.23499462,5.444958188,2706,81.3484496,95.38840347,4.12518828,
2023-12-15 00:00:00,1229,27,1,2079.784712,2.660035132,3.95316921,98.81736328,1.414824036,95.13620392,8.281165961,2838,96.30835051,93.64488289,6.285615793,
2023-12-19 00:00:00,2152,14,4,3212.537106,0.859763459,2.967890014,99.28067357,1.365411913,95.85711184,3.523257516,2767,97.89852652,95.50227148,5.28133191,
2023-12-25 00:00:00,3398,5,37,4170.966245,4.895615166,0.550266822,98.2308389,1.200775985,95.88653721,1.694933908,2524,81.49759394,94.42385383,5.553654439,
2023-12-30 00:00:00,4975,96,26,3484.08913,0.692694165,0.560972762,95.7555147,1.356921174,95.2548345,1.62194334,527,93.05692808,97.14205898,9.743371282,